테마명,종목 목록,,,,,,,,,,,,,,,,,,,,,,,,,,,,,,,,,,,,,,,,,,,,,,,,,,,,,,,,,,,,,,,,,,,,,,,,,,,,,,,,,,,,,,,,,,,,,,,,,,,,,,,,,,,,,,,,,,,,,,,,,,,,,,,,,,,,,,,,,,,,,,,,,
국내 상장 중국기업,오가닉티코스메틱,컬러레이,이스트아시아홀딩스,헝셩그룹,씨엑스아이,로스웰,피델릭스,크리스탈신소재,윙입푸드,글로벌에스엠,GRT,,,,,,,,,,,,,,,,,,,,,,,,,,,,,,,,,,,,,,,,,,,,,,,,,,,,,,,,,,,,,,,,,,,,,,,,,,,,,,,,,,,,,,,,,,,,,,,,,,,,,,,,,,,,,,,,,,,,,,,,,,,,,,,,,,,,,,,
전선,일진전기,대원전선,LS마린솔루션,LS에코에너지,LS,가온전선,KBI메탈,대한전선,,,,,,,,,,,,,,,,,,,,,,,,,,,,,,,,,,,,,,,,,,,,,,,,,,,,,,,,,,,,,,,,,,,,,,,,,,,,,,,,,,,,,,,,,,,,,,,,,,,,,,,,,,,,,,,,,,,,,,,,,,,,,,,,,,,,,,,,,,
반도체 대표주(생산),삼성전자,SK하이닉스,DB하이텍,,,,,,,,,,,,,,,,,,,,,,,,,,,,,,,,,,,,,,,,,,,,,,,,,,,,,,,,,,,,,,,,,,,,,,,,,,,,,,,,,,,,,,,,,,,,,,,,,,,,,,,,,,,,,,,,,,,,,,,,,,,,,,,,,,,,,,,,,,,,,,,
조선,한화오션,HD한국조선해양,삼성중공업,HD현대중공업,HD현대미포,대한조선,HJ중공업,동일스틸럭스,,,,,,,,,,,,,,,,,,,,,,,,,,,,,,,,,,,,,,,,,,,,,,,,,,,,,,,,,,,,,,,,,,,,,,,,,,,,,,,,,,,,,,,,,,,,,,,,,,,,,,,,,,,,,,,,,,,,,,,,,,,,,,,,,,,,,,,,,,
화장품,오가닉티코스메틱,한국화장품,컬러레이,아우딘퓨쳐스,코리아나,청담글로벌,메타랩스,토니모리,한국화장품제조,리더스코스메틱,에이피알,지놈앤컴퍼니,파마리서치,헝셩그룹,실리콘투,셀바이오휴먼텍,마녀공장,삐아,글로본,선진뷰티사이언스,뷰티스킨,코스메카코리아,아모레퍼시픽,아모레퍼시픽홀딩스,엘앤씨바이오,에이블씨엔씨,잇츠한불,신세계인터내셔날,브이티,본느,현대바이오랜드,엔에프씨,피엔케이피부임상연구센타,클래시스,클리오,펌텍코리아,씨티케이,아이패밀리에스씨,세화피앤씨,제이투케이바이오,네오팜,에코글로우,바이오비쥬,코스맥스,한국콜마,뉴키즈온,셀로맥스사이언스,제이준코스메틱,HLB글로벌,제닉,강스템바이오텍,LG생활건강,씨앤씨인터내셔널,더라미,디와이디,에스씨엠생명과학,내츄럴엔도텍,콜마비앤에이치,애경산업,슈피겐코리아,코웨이,달바글로벌,제로투세븐,휴엠앤씨,승일,오상자이엘,콜마홀딩스,에스엠씨지,코디,모아라이프플러스,넥스트아이,씨큐브,HLB펩,대봉엘에스,잉글우드랩,케이엠제약,동구바이오제약,네이처셀,현대바이오,라파스,국제약품,에이에스텍,바른손,지에프씨생명과학,CSA,코스믹,미원상사,프롬바이오,인스코비,케어젠,파미셀,인크레더블버즈,,,,,,,,,,,,,,,,,,,,,,,,,,,,,,,,,,,,,,,,,,,,,,,,,,,,,,
요소수,유니온머티리얼,유니온,TKG휴켐스,롯데정밀화학,KG케미칼,,,,,,,,,,,,,,,,,,,,,,,,,,,,,,,,,,,,,,,,,,,,,,,,,,,,,,,,,,,,,,,,,,,,,,,,,,,,,,,,,,,,,,,,,,,,,,,,,,,,,,,,,,,,,,,,,,,,,,,,,,,,,,,,,,,,,,,,,,,,,
RFID(NFC 등),에이스테크,엑스큐어,SK스퀘어,삼성전자,에스넷,유비벨록스,제이케이시냅스,빅텍,SK,에이텍모빌리티,KT,이루온,파트론,코나아이,누리플렉스,쓰리에이로직스,아모텍,에이루트,,,,,,,,,,,,,,,,,,,,,,,,,,,,,,,,,,,,,,,,,,,,,,,,,,,,,,,,,,,,,,,,,,,,,,,,,,,,,,,,,,,,,,,,,,,,,,,,,,,,,,,,,,,,,,,,,,,,,,,,,,,,,,,,
자동차 대표주,현대차,기아,KG모빌리티,현대위아,현대모비스,HL만도,한온시스템,,,,,,,,,,,,,,,,,,,,,,,,,,,,,,,,,,,,,,,,,,,,,,,,,,,,,,,,,,,,,,,,,,,,,,,,,,,,,,,,,,,,,,,,,,,,,,,,,,,,,,,,,,,,,,,,,,,,,,,,,,,,,,,,,,,,,,,,,,,
우주항공산업(누리호/인공위성 등),한화시스템,LK삼양,켄코아에어로스페이스,에이치브이엠,스피어,대한항공,퍼스텍,한국항공우주,쎄트렉아이,LIG넥스원,한화,한화에어로스페이스,AP위성,이수페타시스,현대로템,컨텍,이노스페이스,제노코,인텔리안테크,에스에프에이,파이버프로,상아프론테크,루미르,한양이엔지,덕산하이메탈,서남,태웅,한글과컴퓨터,비츠로테크,,,,,,,,,,,,,,,,,,,,,,,,,,,,,,,,,,,,,,,,,,,,,,,,,,,,,,,,,,,,,,,,,,,,,,,,,,,,,,,,,,,,,,,,,,,,,,,,,,,,,,,,,,,,,,,,,,,,,
유심(USIM),엑스큐어,유비벨록스,성우전자,옴니시스템,이루온,,,,,,,,,,,,,,,,,,,,,,,,,,,,,,,,,,,,,,,,,,,,,,,,,,,,,,,,,,,,,,,,,,,,,,,,,,,,,,,,,,,,,,,,,,,,,,,,,,,,,,,,,,,,,,,,,,,,,,,,,,,,,,,,,,,,,,,,,,,,,
통신장비,에이스테크,빛과전자,이노인스트루먼트,텔콘RF제약,에치에프알,케이엠더블유,RFHIC,오이솔루션,LS마린솔루션,삼지전자,라이콤,AP위성,이노와이어리스,기산텔레콤,웨이브일렉트로,옵티코어,인텔리안테크,오늘이엔엠,머큐리,빛샘전자,한울소재과학,유비쿼스,와이어블,파이오링크,쏠리드,CS,다보링크,주성코퍼레이션,자람테크놀로지,휴먼테크놀로지,우리로,우리넷,센서뷰,서진시스템,다산네트웍스,알엔투테크놀로지,쏘닉스,한국첨단소재,피노,코위버,에프알텍,RF머트리얼즈,웨이비스,기가레인,,,,,,,,,,,,,,,,,,,,,,,,,,,,,,,,,,,,,,,,,,,,,,,,,,,,,,,,,,,,,,,,,,,,,,,,,,,,,,,,,,,,,,,,,,,,,,,,,,,,,,
엔젤산업,오가닉티코스메틱,헝셩그룹,SAMG엔터,삼성출판사,네오팜,뉴키즈온,오로라,예림당,캐리소프트,정상제이엘에스,남양유업,매일유업,손오공,제로투세븐,대교,삼익악기,토박스코리아,웅진씽크빅,메디앙스,아가방컴퍼니,꿈비,대원미디어,모나미,에르코스,,,,,,,,,,,,,,,,,,,,,,,,,,,,,,,,,,,,,,,,,,,,,,,,,,,,,,,,,,,,,,,,,,,,,,,,,,,,,,,,,,,,,,,,,,,,,,,,,,,,,,,,,,,,,,,,,,,,,,,,,,
2025 하반기 신규상장,삼익제약,프로티나,뉴로핏,아우토크립트,엔알비,뉴키즈온,에스투더블유,삼성스팩10호,디비금융제14호스팩,제이피아이헬스케어,KB제32호스팩,하나35호스팩,KB제33호스팩,대신밸류리츠,교보18호스팩,엘에스스팩1호,대한조선,에스엔시스,삼성스팩11호,지투지바이오,도우인시스,삼양컴텍,한라캐스트,그래피,싸이닉솔루션,오아,명인제약,뉴엔AI,애드포러스,아이티켐,,,,,,,,,,,,,,,,,,,,,,,,,,,,,,,,,,,,,,,,,,,,,,,,,,,,,,,,,,,,,,,,,,,,,,,,,,,,,,,,,,,,,,,,,,,,,,,,,,,,,,,,,,,,,,,,,,,,
면세점,토니모리,JTC,신세계,호텔신라,현대백화점,글로벌텍스프리,한국정보통신,HDC,,,,,,,,,,,,,,,,,,,,,,,,,,,,,,,,,,,,,,,,,,,,,,,,,,,,,,,,,,,,,,,,,,,,,,,,,,,,,,,,,,,,,,,,,,,,,,,,,,,,,,,,,,,,,,,,,,,,,,,,,,,,,,,,,,,,,,,,,,
방위산업/전쟁 및 테러,에이스테크,한화시스템,우리기술,한화오션,한일단조,켄코아에어로스페이스,코츠테크놀로지,HD한국조선해양,휴니드,기아,퍼스텍,대한항공,한국항공우주,쎄트렉아이,LIG넥스원,한화,삼현,풍산,대성하이텍,한화에어로스페이스,평화산업,엠앤씨솔루션,풍산홀딩스,현대로템,현대위아,기산텔레콤,웨이브일렉트로,YTN,제노코,빅텍,포메탈,혜인,스페코,한컴라이프케어,코콤,아이쓰리시스템,국영지앤엠,이노시뮬레이션,솔디펜스,파이버프로,HJ중공업,대한광통신,SNT모티브,이엠코리아,덕산하이메탈,대양전기공업,삼양컴텍,이지트로닉스,센서뷰,STX엔진,RF시스템즈,아이티센엔텍,에스코넥,카티스,쎄크,비츠로테크,RF머트리얼즈,웰크론,웨이비스,SNT다이내믹스,,,,,,,,,,,,,,,,,,,,,,,,,,,,,,,,,,,,,,,,,,,,,,,,,,,,,,,,,,,,,,,,,,,,,,,,,,,,,,,,,,,,,,
여행,노랑풍선,참좋은여행,SM,C&C,세중,하나투어,모두투어,레드캡투어,롯데관광개발,그래디언트,,,,,,,,,,,,,,,,,,,,,,,,,,,,,,,,,,,,,,,,,,,,,,,,,,,,,,,,,,,,,,,,,,,,,,,,,,,,,,,,,,,,,,,,,,,,,,,,,,,,,,,,,,,,,,,,,,,,,,,,,,,,,,,,,,,,,,,,
UAM(도심항공모빌리티),한화시스템,현대차,켄코아에어로스페이스,퍼스텍,대한항공,한국항공우주,LIG넥스원,서연이화,넥센타이어,한국카본,한화에어로스페이스,우수AMS,하이즈항공,기산텔레콤,KT,베셀,GS,파이버프로,네온테크,LG유플러스,제주항공,SK텔레콤,남성,카카오,현대건설,,,,,,,,,,,,,,,,,,,,,,,,,,,,,,,,,,,,,,,,,,,,,,,,,,,,,,,,,,,,,,,,,,,,,,,,,,,,,,,,,,,,,,,,,,,,,,,,,,,,,,,,,,,,,,,,,,,,,,,,,
5G(5세대 이동통신),에이스테크,빛과전자,이노인스트루먼트,에치에프알,케이엠더블유,삼성전자,RFHIC,오이솔루션,아이크래프트,LS마린솔루션,삼지전자,LS에코에너지,텔코웨어,알에프텍,이노와이어리스,라이콤,이수페타시스,기산텔레콤,웨이브일렉트로,옵티코어,오늘이엔엠,나무기술,KT,LG전자,한울소재과학,와이솔,오파스넷,대한광통신,이루온,유비쿼스,와이어블,쏠리드,LG유플러스,자람테크놀로지,다보링크,휴먼테크놀로지,우리로,우리넷,이지트로닉스,서진시스템,PI첨단소재,SK텔레콤,대덕전자,센서뷰,PS일렉트로닉스,엔텔스,쏘닉스,한국첨단소재,코위버,에프알텍,코스텍시스,웨이비스,기가레인,,,,,,,,,,,,,,,,,,,,,,,,,,,,,,,,,,,,,,,,,,,,,,,,,,,,,,,,,,,,,,,,,,,,,,,,,,,,,,,,,,,,,,,,,,,,,
엔터테인먼트,노머스,하이브,삼화네트웍스,팬엔터테인먼트,스튜디오드래곤,JYP,Ent.,에스엠,알비더블유,디어유,블리츠웨이엔터테인먼트,NEW,큐브엔터,와이지엔터테인먼트,SM,C&C,엔에스이엔엠,키이스트,판타지오,고스트스튜디오,CJ,ENM,KT지니뮤직,아센디오,콘텐트리중앙,TJ미디어,큐로홀딩스,아티스트스튜디오,빌리언스,초록뱀미디어,티엔엔터테인먼트,에프엔씨엔터,카카오,,,,,,,,,,,,,,,,,,,,,,,,,,,,,,,,,,,,,,,,,,,,,,,,,,,,,,,,,,,,,,,,,,,,,,,,,,,,,,,,,,,,,,,,,,,,,,,,,,,,,,,,,,,,,,,,,
LNG(액화천연가스),원일티엔아이,엔케이,HD한국조선해양,삼성중공업,대한해운,한화엔진,HD현대미포,한국카본,HD현대인프라코어,SK가스,팬오션,대창솔루션,SNT에너지,SK,GS,삼천리,일승,HJ중공업,POSCO홀딩스,지역난방공사,한국가스공사,SK오션플랜트,비에이치아이,케일럼,한국전력,한텍,,,,,,,,,,,,,,,,,,,,,,,,,,,,,,,,,,,,,,,,,,,,,,,,,,,,,,,,,,,,,,,,,,,,,,,,,,,,,,,,,,,,,,,,,,,,,,,,,,,,,,,,,,,,,,,,,,,,,,,,
희귀금속(희토류 등),유니온머티리얼,LS에코에너지,유니온,노바텍,동국알앤에스,티플랙스,현대비앤지스틸,성안머티리얼스,삼화전자,그린리소스,POSCO홀딩스,대원화성,EG,쎄노텍,,,,,,,,,,,,,,,,,,,,,,,,,,,,,,,,,,,,,,,,,,,,,,,,,,,,,,,,,,,,,,,,,,,,,,,,,,,,,,,,,,,,,,,,,,,,,,,,,,,,,,,,,,,,,,,,,,,,,,,,,,,,,,,,,,,,
조선기자재,범한퓨얼셀,엔케이,KS인더스트리,HD현대마린엔진,씨피시스템,한화엔진,인화정공,HD현대마린솔루션,하이록코리아,한국카본,에이텀,삼영엠텍,현대힘스,대창솔루션,한라IMS,성광벤드,비엠티,케이프,세진중공업,태광,조선선재,에스엔시스,일승,오리엔탈정공,SK오션플랜트,에스앤더블류,대양전기공업,케이에스피,태웅,STX엔진,화인베스틸,동방선기,,,,,,,,,,,,,,,,,,,,,,,,,,,,,,,,,,,,,,,,,,,,,,,,,,,,,,,,,,,,,,,,,,,,,,,,,,,,,,,,,,,,,,,,,,,,,,,,,,,,,,,,,,,,,,,,,,
코리아 밸류업 지수(Korea Value-up Index),한화시스템,LS,ELECTRIC,삼양식품,넥스틴,HD현대일렉트릭,효성중공업,파마리서치,현대차,삼성전자,한국금융지주,JB금융지주,SK하이닉스,엘앤씨바이오,아모레퍼시픽,키움증권,한미반도체,기아,JYP,Ent.,대한항공,NICE평가정보,한국항공우주,LIG넥스원,미래에셋증권,현대글로비스,클래시스,삼성증권,풍산,KB금융,우리금융지주,한솔케미칼,롯데칠성,하나금융지주,한화에어로스페이스,HD현대,삼성화재,하나투어,코스맥스,BGF리테일,HMM,현대로템,SK가스,HD현대인프라코어,피에스케이,한미약품,KT&G,명신산업,한진칼,현대모비스,오리온,빙그레,제일기획,두산밥캣,메리츠금융지주,한미사이언스,DB손해보험,강원랜드,리노공업,신한지주,KT,더블유게임즈,금호석유화학,원텍,롯데렌탈,코웨이,케이카,파크시스템스,종근당,솔루스첨단소재,티씨케이,한샘,DB하이텍,HPSP,한전KPS,제룡전기,F&F,메가스터디교육,LG이노텍,경동나비엔,SOOP,JW중외제약,에코프로에이치엔,크래프톤,동서,코미코,이녹스첨단소재,SK텔레콤,덴티움,미원상사,효성티앤씨,동원시스템즈,드림텍,포스코DX,에스원,포스코인터내셔널,주성엔지니어링,동진쎄미켐,피에스케이홀딩스,솔브레인,현대엘리베이터,한전기술,,,,,,,,,,,,,,,,,,,,,,,,,,,,,,,,,,,,,,,,,,,,
드론(Drone),한화시스템,켄코아에어로스페이스,휴니드,퍼스텍,대한항공,한국항공우주,쎄트렉아이,LIG넥스원,한화에어로스페이스,스마트레이더시스템,기산텔레콤,코콤,KT,인지컨트롤스,사토시홀딩스,디티앤씨,베셀,에이럭스,한빛소프트,네온테크,덕산하이메탈,제이씨현시스템,티쓰리,매커스,피씨디렉트,한컴위드,에스코넥,엠씨넥스,,,,,,,,,,,,,,,,,,,,,,,,,,,,,,,,,,,,,,,,,,,,,,,,,,,,,,,,,,,,,,,,,,,,,,,,,,,,,,,,,,,,,,,,,,,,,,,,,,,,,,,,,,,,,,,,,,,,,,
제습기,삼성전자,파세코,쿠쿠홈시스,신일전자,LG전자,코웨이,위닉스,에스피지,,,,,,,,,,,,,,,,,,,,,,,,,,,,,,,,,,,,,,,,,,,,,,,,,,,,,,,,,,,,,,,,,,,,,,,,,,,,,,,,,,,,,,,,,,,,,,,,,,,,,,,,,,,,,,,,,,,,,,,,,,,,,,,,,,,,,,,,,,
항공/저가 항공사(LCC),대한항공,진에어,에어부산,한진칼,아시아나항공,티웨이항공,AK홀딩스,티웨이홀딩스,제주항공,,,,,,,,,,,,,,,,,,,,,,,,,,,,,,,,,,,,,,,,,,,,,,,,,,,,,,,,,,,,,,,,,,,,,,,,,,,,,,,,,,,,,,,,,,,,,,,,,,,,,,,,,,,,,,,,,,,,,,,,,,,,,,,,,,,,,,,,,
증권,한국금융지주,키움증권,미래에셋증권,NH투자증권,DB증권,삼성증권,대신증권,한양증권,교보증권,현대차증권,유안타증권,LS증권,신영증권,SK증권,유진투자증권,유화증권,한화투자증권,코리아에셋투자증권,부국증권,다올투자증권,상상인증권,,,,,,,,,,,,,,,,,,,,,,,,,,,,,,,,,,,,,,,,,,,,,,,,,,,,,,,,,,,,,,,,,,,,,,,,,,,,,,,,,,,,,,,,,,,,,,,,,,,,,,,,,,,,,,,,,,,,,,,,,,,,,
보톡스(보툴리눔톡신),청담글로벌,파마리서치,휴젤,알에프텍,휴메딕스,디에스케이,메디톡스,한국비엔씨,유바이오로직스,제테마,휴온스,휴온스글로벌,대웅제약,,,,,,,,,,,,,,,,,,,,,,,,,,,,,,,,,,,,,,,,,,,,,,,,,,,,,,,,,,,,,,,,,,,,,,,,,,,,,,,,,,,,,,,,,,,,,,,,,,,,,,,,,,,,,,,,,,,,,,,,,,,,,,,,,,,,,
자율주행차,에이스테크,현대차,삼성전자,넥스트칩,SK하이닉스,기아,모트렉스,슈어소프트테크,엔지스테크널러지,파인디지털,삼보모터스,에스오에스랩,한국단자,KG모빌리티,삼현,현대오토에버,모바일어플라이언스,라이콤,퓨런티어,스마트레이더시스템,DH오토웨어,디와이,현대모비스,HL만도,하이비젼시스템,켐트로닉스,유니트론텍,오비고,앤씨앤,KT,세코닉스,MDS테크,아이쓰리시스템,LG전자,엣지파운드리,인포뱅크,칩스앤미디어,포니링크,텔레칩스,팅크웨어,LG이노텍,유니퀘스트,SK텔레콤,퀄리타스반도체,캠시스,한라캐스트,에이테크솔루션,드림텍,NAVER,아이에이,삼성전기,팸텍,코리아에프티,유진로봇,엠씨넥스,옵트론텍,라닉스,,,,,,,,,,,,,,,,,,,,,,,,,,,,,,,,,,,,,,,,,,,,,,,,,,,,,,,,,,,,,,,,,,,,,,,,,,,,,,,,,,,,,,,,,
은행,JB금융지주,KB금융,우리금융지주,하나금융지주,iM금융지주,기업은행,BNK금융지주,신한지주,카카오뱅크,제주은행,,,,,,,,,,,,,,,,,,,,,,,,,,,,,,,,,,,,,,,,,,,,,,,,,,,,,,,,,,,,,,,,,,,,,,,,,,,,,,,,,,,,,,,,,,,,,,,,,,,,,,,,,,,,,,,,,,,,,,,,,,,,,,,,,,,,,,,,
밸류업(25년 기업가치 제고계획 발표),한화시스템,하나마이크론,삼양식품,노을,한국금융지주,한국타이어앤테크놀로지,JB금융지주,넥스트칩,엘앤씨바이오,한미반도체,NICE평가정보,한국항공우주,KG스틸,대신증권,엠플러스,한솔케미칼,우리금융지주,한화에어로스페이스,서울보증보험,삼성화재,일정실업,영원무역,HMM,BGF리테일,이수페타시스,피에스케이,한미약품,하이즈항공,한진칼,셀트리온,현대차증권,이마트,오리온,현대퓨처넷,풀무원,DB손해보험,농심,HS애드,콜마비앤에이치,KX,신한지주,S-Oil,에스에프에이,금호석유화학,코웨이,GS,에스트래픽,티씨케이,콜마홀딩스,DB하이텍,파라다이스,태웅로직스,영원무역홀딩스,한전KPS,슈프리마,DI동일,F&F,파수,현대이지웰,메가스터디교육,KCC,JW중외제약,오스코텍,코미코,유니테크노,효성티앤씨,동원시스템즈,컴투스,KG케미칼,에스티팜,피에스케이홀딩스,솔브레인,현대건설,,,,,,,,,,,,,,,,,,,,,,,,,,,,,,,,,,,,,,,,,,,,,,,,,,,,,,,,,,,,,,,,,,,,,,,,,
기업인수목적회사(SPAC),IBKS제22호스팩,미래에셋비전스팩3호,대신밸런스제18호스팩,신한제13호스팩,엔에이치스팩29호,대신밸런스제19호스팩,신한제16호스팩,이베스트스팩6호,키움제11호스팩,키움제10호스팩,한국제12호스팩,교보14호스팩,유진스팩11호,하나33호스팩,하나32호스팩,유안타제16호스팩,비엔케이제2호스팩,유안타제15호스팩,에스케이증권제12호스팩,에스케이증권제11호스팩,신영스팩10호,대신밸런스제17호스팩,하나31호스팩,에이치엠씨제7호스팩,DB금융스팩12호,미래에셋비전스팩6호,한국제15호스팩,엔에이치스팩31호,교보16호스팩,미래에셋비전스팩7호,KB제30호스팩,교보17호스팩,디비금융제13호스팩,KB제31호스팩,유안타제17호스팩,한화플러스제5호스팩,하나27호스팩,유안타제12호스팩,상상인제4호스팩,신한제11호스팩,한화플러스제4호스팩,IBKS제21호스팩,대신밸런스제16호스팩,에스케이증권제10호스팩,삼성스팩10호,하나35호스팩,한국제13호스팩,KB제32호스팩,교보15호스팩,엔에이치스팩30호,IBKS제23호스팩,유진스팩10호,IBKS제24호스팩,디비금융제14호스팩,KB제33호스팩,유안타제11호스팩,교보18호스팩,신한제15호스팩,신한제14호스팩,하나34호스팩,하이제8호스팩,유안타제14호스팩,하나29호스팩,KB제29호스팩,KB제25호스팩,미래에셋비전스팩5호,미래에셋비전스팩4호,에스케이증권제9호스팩,신한제12호스팩,KB제27호스팩,하나30호스팩,엘에스스팩1호,에스케이증권제13호스팩,에이치엠씨제6호스팩,삼성스팩11호,,,,,,,,,,,,,,,,,,,,,,,,,,,,,,,,,,,,,,,,,,,,,,,,,,,,,,,,,,,,,,,,,,,,,,,
캐릭터상품,SAMG엔터,블리츠웨이엔터테인먼트,데브시스터즈,오로라,캐리소프트,손오공,대원미디어,리튬포어스,,,,,,,,,,,,,,,,,,,,,,,,,,,,,,,,,,,,,,,,,,,,,,,,,,,,,,,,,,,,,,,,,,,,,,,,,,,,,,,,,,,,,,,,,,,,,,,,,,,,,,,,,,,,,,,,,,,,,,,,,,,,,,,,,,,,,,,,,,
항공기부품,켄코아에어로스페이스,휴니드,대한항공,한국항공우주,LIG넥스원,한국카본,한화에어로스페이스,아스트,하이즈항공,현대위아,솔디펜스,이엠코리아,두산에너빌리티,오르비텍,,,,,,,,,,,,,,,,,,,,,,,,,,,,,,,,,,,,,,,,,,,,,,,,,,,,,,,,,,,,,,,,,,,,,,,,,,,,,,,,,,,,,,,,,,,,,,,,,,,,,,,,,,,,,,,,,,,,,,,,,,,,,,,,,,,,
자동차부품,디젠스,유니온머티리얼,세동,모티브링크,한일단조,케이엔더블유,모베이스전자,DN오토모티브,성우하이텍,SG글로벌,SG&G,SJG세종,탑런토탈솔루션,DYP,HL홀딩스,모트렉스,네오오토,영흥,대원강업,우리산업,구영테크,경창산업,현대공업,서연이화,인화정공,삼보모터스,오리엔트정공,세원정공,핸즈코퍼레이션,한국단자,삼현,KB오토시스,평화산업,세원물산,KBI메탈,유니크,지엠비코리아,동원금속,삼성공조,일지테크,두올,일정실업,씨티알모빌리티,계양전기,에스텍,성창오토텍,화승알앤에이,우신시스템,와이엠,DH오토웨어,디와이,우수AMS,대유에이텍,육일씨엔에쓰,명신산업,삼원강재,모토닉,현대위아,피에이치에이,현대모비스,화신정공,SJM,영화테크,세아특수강,유라테크,영화금속,영보화학,케이비아이동국실업,유성기업,한온시스템,새론오토모티브,서진오토모티브,HL만도,인탑스,에스엘,웹스,인팩,금호에이치티,상신브레이크,한국무브넥스,대성파인텍,모베이스,포메탈,티에이치엔,엔브이에이치코리아,DH오토리드,시노펙스,체시스,태원물산,오스템,GH신소재,에코플라스틱,인지컨트롤스,화천기계,BGF에코머티리얼즈,LX하우시스,디아이씨,아진산업,엣지파운드리,대동금속,서연탑메탈,캐스텍코리아,태양금속,아진전자부품,HDC현대EP,엠에스오토텍,디와이덕양,에이치엠넥스,화신,삼기,한주라이트메탈,SNT모티브,동아화성,폴라리스세원,케이피에프,디와이씨,에코캡,나라엠앤디,LG이노텍,에스엠벡셀,대동기어,파트론,네오티스,풍강,남선알미늄,대원산업,한라캐스트,유니테크노,아이윈,덕우전자,대호에이엘,에코볼트,THE,CUBE&,알멕,HS효성첨단소재,티피씨글로벌,이원컴포텍,코리아에프티,세아메카닉스,일진하이솔루스,성우,한국피아이엠,휴림에이텍,한중엔시에스,SNT다이내믹스
공기청정기,삼성전자,성호전자,케이웨더,씨앤투스,쿠쿠홈시스,신일전자,LG전자,코웨이,위닉스,에스피지,오텍,크린앤사이언스,,,,,,,,,,,,,,,,,,,,,,,,,,,,,,,,,,,,,,,,,,,,,,,,,,,,,,,,,,,,,,,,,,,,,,,,,,,,,,,,,,,,,,,,,,,,,,,,,,,,,,,,,,,,,,,,,,,,,,,,,,,,,,,,,,,,,,
해운,대한해운,HMM,팬오션,KSS해운,STX그린로지스,흥아해운,,,,,,,,,,,,,,,,,,,,,,,,,,,,,,,,,,,,,,,,,,,,,,,,,,,,,,,,,,,,,,,,,,,,,,,,,,,,,,,,,,,,,,,,,,,,,,,,,,,,,,,,,,,,,,,,,,,,,,,,,,,,,,,,,,,,,,,,,,,,
미용기기,에이피알,파마리서치,클래시스,휴젤,휴메딕스,유한양행,라메디텍,아스테라시스,비올,원텍,달바글로벌,레이저옵텍,메디톡스,동방메디컬,한국비엔씨,제테마,휴온스글로벌,대웅제약,,,,,,,,,,,,,,,,,,,,,,,,,,,,,,,,,,,,,,,,,,,,,,,,,,,,,,,,,,,,,,,,,,,,,,,,,,,,,,,,,,,,,,,,,,,,,,,,,,,,,,,,,,,,,,,,,,,,,,,,,,,,,,,,
밸류업(24년 기업가치 제고계획 발표),HD현대일렉트릭,SK스퀘어,현대차,감성코퍼레이션,JB금융지주,SK하이닉스,HD한국조선해양,아모레퍼시픽,아모레퍼시픽홀딩스,키움증권,기아,신세계인터내셔날,대한항공,HL홀딩스,HD현대중공업,미래에셋증권,현대글로비스,DB증권,HD현대마린솔루션,HD현대미포,KB금융,우리금융지주,롯데칠성,하나금융지주,신세계,HD현대,HD현대건설기계,HK이노엔,에프앤가이드,HD현대인프라코어,LG생활건강,한섬,롯데웰푸드,롯데리츠,KT&G,현대모비스,광주신세계,iM금융지주,현대그린푸드,기업은행,AK홀딩스,현대백화점,유안타증권,유한양행,BNK금융지주,SK,롯데하이마트,두산밥캣,세아홀딩스,메리츠금융지주,한미사이언스,강원랜드,LG,신한지주,KT,태광,롯데쇼핑,애경산업,디케이앤디,LG전자,롯데렌탈,에스트래픽,SK네트웍스,SK이노베이션,콜마홀딩스,DB하이텍,ISC,POSCO홀딩스,지역난방공사,롯데지주,LG이노텍,KG이니시스,동원산업,다우데이타,파트론,제주항공,LG유플러스,현대지에프홀딩스,세아베스틸지주,이녹스첨단소재,SK텔레콤,고려아연,롯데이노베이트,LG화학,드림텍,포스코인터내셔널,LG디스플레이,애경케미칼,LG에너지솔루션,포스코퓨처엠,현대엘리베이터,한전기술,,,,,,,,,,,,,,,,,,,,,,,,,,,,,,,,,,,,,,,,,,,,,,,,,,,,,,
소매유통,청담글로벌,엑시온그룹,신세계,BGF리테일,호텔신라,GS리테일,이마트,광주신세계,현대홈쇼핑,현대백화점,롯데하이마트,한화갤러리아,CJ,ENM,롯데쇼핑,세이브존I&C,대구백화점,지어소프트,스튜디오삼익,그래디언트,오아,,,,,,,,,,,,,,,,,,,,,,,,,,,,,,,,,,,,,,,,,,,,,,,,,,,,,,,,,,,,,,,,,,,,,,,,,,,,,,,,,,,,,,,,,,,,,,,,,,,,,,,,,,,,,,,,,,,,,,,,,,,,,
리츠(REITs),코람코더원리츠,이지스밸류플러스리츠,롯데리츠,SK리츠,신한알파리츠,디앤디플랫폼리츠,마스턴프리미어리츠,신한글로벌액티브리츠,케이탑리츠,KB스타리츠,NH프라임리츠,대신밸류리츠,코람코라이프인프라리츠,이지스레지던스리츠,NH올원리츠,ESR켄달스퀘어리츠,미래에셋맵스리츠,삼성FN리츠,신한서부티엔디리츠,이리츠코크렙,제이알글로벌리츠,미래에셋글로벌리츠,한화리츠,,,,,,,,,,,,,,,,,,,,,,,,,,,,,,,,,,,,,,,,,,,,,,,,,,,,,,,,,,,,,,,,,,,,,,,,,,,,,,,,,,,,,,,,,,,,,,,,,,,,,,,,,,,,,,,,,,,,,,,,,,,
수소차(연료전지/부품/충전소 등),원일티엔아이,범한퓨얼셀,LS,ELECTRIC,효성중공업,엔케이,두산퓨얼셀,현대차,에스퓨얼셀,기아,SJG세종,DYP,대원강업,우리산업,삼보모터스,진성티이씨,평화홀딩스,평화산업,유니크,지엠비코리아,뉴인텍,일지테크,성창오토텍,현대로템,디와이,우수AMS,풍국주정,모토닉,대창솔루션,영화테크,한온시스템,비엠티,SK,코웰패션,티에이치엔,시노펙스,삼화전자,인지컨트롤스,현대제철,아진산업,삼양사,아진전자부품,상아프론테크,디케이락,삼기,제이엔케이글로벌,SNT모티브,동아화성,폴라리스세원,한화솔루션,이엠코리아,디아이티,EG,삼영에스앤씨,지아이텍,신도기연,코오롱인더,코오롱ENP,비나텍,이지트로닉스,국일제지,원익머트리얼즈,아이에스티이,에코바이오,아이에이,HS효성첨단소재,에스코넥,일진하이솔루스,일진다이아,미코,에스에너지,엘티씨,유일에너테크,,,,,,,,,,,,,,,,,,,,,,,,,,,,,,,,,,,,,,,,,,,,,,,,,,,,,,,,,,,,,,,,,,,,,,,,,
미디어(방송/신문),SBS,한국경제TV,YTN,iMBC,디지틀조선,KNN,스카이라이프,CJ,ENM,아시아경제,애니플러스,콘텐트리중앙,티비씨,,,,,,,,,,,,,,,,,,,,,,,,,,,,,,,,,,,,,,,,,,,,,,,,,,,,,,,,,,,,,,,,,,,,,,,,,,,,,,,,,,,,,,,,,,,,,,,,,,,,,,,,,,,,,,,,,,,,,,,,,,,,,,,,,,,,,
음원/음반,하이브,JYP,Ent.,에스엠,알비더블유,YG,PLUS,와이지엔터테인먼트,판타지오,CJ,ENM,KT지니뮤직,드림어스컴퍼니,NHN벅스,에프엔씨엔터,다날,카카오,,,,,,,,,,,,,,,,,,,,,,,,,,,,,,,,,,,,,,,,,,,,,,,,,,,,,,,,,,,,,,,,,,,,,,,,,,,,,,,,,,,,,,,,,,,,,,,,,,,,,,,,,,,,,,,,,,,,,,,,,,,,,,,,,
IT 대표주,삼성전자,SK하이닉스,삼성SDI,LG전자,LG디스플레이,삼성에스디에스,,,,,,,,,,,,,,,,,,,,,,,,,,,,,,,,,,,,,,,,,,,,,,,,,,,,,,,,,,,,,,,,,,,,,,,,,,,,,,,,,,,,,,,,,,,,,,,,,,,,,,,,,,,,,,,,,,,,,,,,,,,,,,,,,,,,,,,,,,,,
골판지 제조,리더스코스메틱,영풍제지,태림포장,아세아제지,한국수출포장,삼보판지,대림제지,대영포장,신대양제지,한솔홀딩스,,,,,,,,,,,,,,,,,,,,,,,,,,,,,,,,,,,,,,,,,,,,,,,,,,,,,,,,,,,,,,,,,,,,,,,,,,,,,,,,,,,,,,,,,,,,,,,,,,,,,,,,,,,,,,,,,,,,,,,,,,,,,,,,,,,,,,,,
CCTV＆DVR,인콘,아이디스,앤씨앤,코콤,한화비전,포커스에이아이,비츠로시스,엑시큐어하이트론,,,,,,,,,,,,,,,,,,,,,,,,,,,,,,,,,,,,,,,,,,,,,,,,,,,,,,,,,,,,,,,,,,,,,,,,,,,,,,,,,,,,,,,,,,,,,,,,,,,,,,,,,,,,,,,,,,,,,,,,,,,,,,,,,,,,,,,,,,
윤활유,한국쉘석유,미창석유,극동유화,S-Oil,GS,SK이노베이션,흥구석유,,,,,,,,,,,,,,,,,,,,,,,,,,,,,,,,,,,,,,,,,,,,,,,,,,,,,,,,,,,,,,,,,,,,,,,,,,,,,,,,,,,,,,,,,,,,,,,,,,,,,,,,,,,,,,,,,,,,,,,,,,,,,,,,,,,,,,,,,,,
손해보험,서울보증보험,삼성화재,코리안리,현대해상,DB손해보험,롯데손해보험,흥국화재,한화손해보험,,,,,,,,,,,,,,,,,,,,,,,,,,,,,,,,,,,,,,,,,,,,,,,,,,,,,,,,,,,,,,,,,,,,,,,,,,,,,,,,,,,,,,,,,,,,,,,,,,,,,,,,,,,,,,,,,,,,,,,,,,,,,,,,,,,,,,,,,,
백화점,신세계,광주신세계,현대백화점,한화갤러리아,롯데쇼핑,대구백화점,,,,,,,,,,,,,,,,,,,,,,,,,,,,,,,,,,,,,,,,,,,,,,,,,,,,,,,,,,,,,,,,,,,,,,,,,,,,,,,,,,,,,,,,,,,,,,,,,,,,,,,,,,,,,,,,,,,,,,,,,,,,,,,,,,,,,,,,,,,,
영상콘텐츠,SAMG엔터,삼화네트웍스,팬엔터테인먼트,스튜디오드래곤,JYP,Ent.,SBS,에이스토리,NEW,SM,C&C,키이스트,코퍼스코리아,캐리소프트,바른손이앤에이,고스트스튜디오,CJ,ENM,KX,애니플러스,스튜디오미르,M83,콘텐트리중앙,와이랩,캔버스엔,큐로홀딩스,아티스트스튜디오,자이언트스텝,초록뱀미디어,바른손,대원미디어,쇼박스,위지윅스튜디오,덱스터,에프엔씨엔터,포바이포,,,,,,,,,,,,,,,,,,,,,,,,,,,,,,,,,,,,,,,,,,,,,,,,,,,,,,,,,,,,,,,,,,,,,,,,,,,,,,,,,,,,,,,,,,,,,,,,,,,,,,,,,,,,,,
환율하락 수혜,대한항공,대한해운,풍산,하나투어,모두투어,아시아나항공,삼양홀딩스,오리온,오뚜기,농심,혜인,하이트진로,대한제당,S-Oil,현대제철,대상,대한제분,CJ제일제당,한국가스공사,POSCO홀딩스,한탑,고려아연,한국전력,,,,,,,,,,,,,,,,,,,,,,,,,,,,,,,,,,,,,,,,,,,,,,,,,,,,,,,,,,,,,,,,,,,,,,,,,,,,,,,,,,,,,,,,,,,,,,,,,,,,,,,,,,,,,,,,,,,,,,,,,,,
제약업체,삼익제약,경남제약,텔콘RF제약,동아에스티,엔지켐생명과학,삼천당제약,HLB제약,프레스티지바이오파마,코오롱생명과학,조아제약,HK이노엔,셀비온,대화제약,한미약품,고려제약,대한약품,킵스파마,경보제약,삼성바이오로직스,삼성제약,안국약품,삼진제약,보령,유한양행,동화약품,지엘팜텍,하나제약,녹십자웰빙,유유제약,JW생명과학,현대약품,프레스티지바이오로직스,경동제약,위더스제약,명문제약,대원제약,종근당,대한뉴팜,제일약품,환인제약,한독,삼아제약,JW신약,유나이티드제약,SK바이오팜,셀트리온제약,그린생명과학,한국파마,일성아이에스,화일약품,비보존,제약,에이프로젠바이오로직스,진양제약,영진약품,동구바이오제약,신일제약,테라젠이텍스,서울제약,동아쏘시오홀딩스,동국제약,폴라리스AI파마,알리코제약,비씨월드제약,이연제약,국전약품,녹십자,부광약품,국제약품,신신제약,알피바이오,삼일제약,광동제약,JW중외제약,휴온스,한올바이오파마,CMG제약,팜젠사이언스,대웅제약,하이텍팜,압타머사이언스,더블유에스아이,신풍제약,일동제약,SK바이오사이언스,에스티팜,명인제약,아이티켐,,,,,,,,,,,,,,,,,,,,,,,,,,,,,,,,,,,,,,,,,,,,,,,,,,,,,,,,,,
홈쇼핑,GS리테일,현대홈쇼핑,CJ,ENM,롯데쇼핑,태광산업,,,,,,,,,,,,,,,,,,,,,,,,,,,,,,,,,,,,,,,,,,,,,,,,,,,,,,,,,,,,,,,,,,,,,,,,,,,,,,,,,,,,,,,,,,,,,,,,,,,,,,,,,,,,,,,,,,,,,,,,,,,,,,,,,,,,,,,,,,,,
렌터카,쏘카,롯데렌탈,레드캡투어,케이카,,,,,,,,,,,,,,,,,,,,,,,,,,,,,,,,,,,,,,,,,,,,,,,,,,,,,,,,,,,,,,,,,,,,,,,,,,,,,,,,,,,,,,,,,,,,,,,,,,,,,,,,,,,,,,,,,,,,,,,,,,,,,,,,,,,,,,,,,,,,,,
콜드체인(저온 유통),HLB테라퓨틱스,아이텍,태경케미컬,한익스프레스,대창솔루션,GST,일신바이오,서린바이오,SCL사이언스,동아쏘시오홀딩스,대한과학,지씨셀,,,,,,,,,,,,,,,,,,,,,,,,,,,,,,,,,,,,,,,,,,,,,,,,,,,,,,,,,,,,,,,,,,,,,,,,,,,,,,,,,,,,,,,,,,,,,,,,,,,,,,,,,,,,,,,,,,,,,,,,,,,,,,,,,,,,,,
편의점,BGF리테일,GS리테일,이마트,롯데지주,유성티엔에스,,,,,,,,,,,,,,,,,,,,,,,,,,,,,,,,,,,,,,,,,,,,,,,,,,,,,,,,,,,,,,,,,,,,,,,,,,,,,,,,,,,,,,,,,,,,,,,,,,,,,,,,,,,,,,,,,,,,,,,,,,,,,,,,,,,,,,,,,,,,,
출산장려정책,헝셩그룹,SAMG엔터,삼성출판사,네오팜,뉴키즈온,예림당,캐리소프트,남양유업,매일유업,제로투세븐,대교,삼익악기,토박스코리아,깨끗한나라,웅진씽크빅,메디앙스,유엔젤,아가방컴퍼니,모나리자,꿈비,에르코스,,,,,,,,,,,,,,,,,,,,,,,,,,,,,,,,,,,,,,,,,,,,,,,,,,,,,,,,,,,,,,,,,,,,,,,,,,,,,,,,,,,,,,,,,,,,,,,,,,,,,,,,,,,,,,,,,,,,,,,,,,,,,
시스템반도체,아이씨티케이,하나마이크론,이미지스,엠디바이스,삼성전자,SK하이닉스,넥스트칩,한미반도체,지니틱스,두산테스나,에이엘티,아이텍,디아이,알파칩스,코아시아,피에스케이,에이디테크놀로지,파두,리노공업,네패스,앤씨앤,DB하이텍,칩스앤미디어,케이알엠,자람테크놀로지,동운아나텍,텔레칩스,가온칩스,SFA반도체,오디텍,아나패스,큐알티,아진엑스텍,매커스,테크윙,시지트로닉스,시그네틱스,아이앤씨,에스앤에스텍,퀄리타스반도체,LX세미콘,어보브반도체,아이에이,싸이닉솔루션,미래반도체,오픈엣지테크놀로지,에이직랜드,네패스아크,윈팩,고영,LB세미콘,아이언디바이스,사피엔반도체,라닉스,,,,,,,,,,,,,,,,,,,,,,,,,,,,,,,,,,,,,,,,,,,,,,,,,,,,,,,,,,,,,,,,,,,,,,,,,,,,,,,,,,,,,,,,,,,,
"스포츠행사 수혜(올림픽, 월드컵 등)",SBS,하이트진로,마니커,하이트진로홀딩스,이지홀딩스,동우팜투테이블,하림,팜스토리,SOOP,,,,,,,,,,,,,,,,,,,,,,,,,,,,,,,,,,,,,,,,,,,,,,,,,,,,,,,,,,,,,,,,,,,,,,,,,,,,,,,,,,,,,,,,,,,,,,,,,,,,,,,,,,,,,,,,,,,,,,,,,,,,,,,,,,,,,,,,,
"주류업(주정, 에탄올 등)",무학,롯데칠성,한울앤제주,풍국주정,진로발효,MH에탄올,하이트진로,창해에탄올,하이트진로홀딩스,보해양조,국순당,한국알콜,나라셀라,,,,,,,,,,,,,,,,,,,,,,,,,,,,,,,,,,,,,,,,,,,,,,,,,,,,,,,,,,,,,,,,,,,,,,,,,,,,,,,,,,,,,,,,,,,,,,,,,,,,,,,,,,,,,,,,,,,,,,,,,,,,,,,,,,,,,
지주사,일진홀딩스,SK스퀘어,우리산업홀딩스,DN오토모티브,한국금융지주,아모레퍼시픽홀딩스,JB금융지주,HD한국조선해양,서연,LS,LS에코에너지,한화,HL홀딩스,웅진,우리금융지주,KB금융,넥센,하나금융지주,평화홀딩스,한세예스24홀딩스,효성,NICE,풍산홀딩스,HD현대,SJM홀딩스,코아시아,골프존홀딩스,한진칼,DB,CR홀딩스,삼양홀딩스,유수홀딩스,디와이,GS피앤엘,iM금융지주,AK홀딩스,대덕,엘브이엠씨홀딩스,SK,오리온홀딩스,BNK금융지주,샘표,두산밥캣,세아홀딩스,한미사이언스,신한지주,미스토홀딩스,메리츠금융지주,OCI홀딩스,풀무원,KISCO홀딩스,신송홀딩스,한화비전,한진중공업홀딩스,KPX홀딩스,LG,성창기업지주,BGF,삼성물산,동국홀딩스,하이트진로홀딩스,솔본,CJ,GS,APS,한국앤컴퍼니,콜마홀딩스,쿠쿠홀딩스,이지홀딩스,JW홀딩스,매일홀딩스,LX홀딩스,콘텐트리중앙,엠에스오토텍,아이디스홀딩스,세아제강지주,제일파마홀딩스,미원홀딩스,DRB동일,영원무역홀딩스,농심홀딩스,대상홀딩스,해성산업,INVENI,코스맥스비티아이,진양홀딩스,동원산업,하림지주,유비쿼스홀딩스,동아쏘시오홀딩스,한솔홀딩스,경동인베스트,롯데지주,HS효성,에코프로,SNT홀딩스,대웅,한국전자홀딩스,현대지에프홀딩스,티와이홀딩스,아세아,크라운해태홀딩스,종근당홀딩스,세아베스틸지주,이녹스,휴맥스홀딩스,CS홀딩스,한일홀딩스,휴온스글로벌,동성케미컬,노루홀딩스,원익홀딩스,F&F홀딩스,HDC,이건홀딩스,네오위즈홀딩스,코오롱,두산,컴투스홀딩스,녹십자홀딩스,DL,SK디스커버리,화승엔터프라이즈,비츠로테크,솔브레인홀딩스,,,,,,,,,,,,,,,,,,,,,
전력설비,일진전기,LS,ELECTRIC,효성중공업,HD현대일렉트릭,대원전선,산일전기,LS,LS마린솔루션,LS에코에너지,가온전선,세명전기,대한전선,제일일렉트릭,제룡전기,한전KPS,금화피에스시,바이오스마트,위너스,비츠로시스,서남,제룡산업,서전기전,광명전기,보성파워텍,에이루트,비츠로테크,한국전력,한전산업,지투파워,티씨머티리얼즈,두산에너빌리티,피앤씨테크,지엔씨에너지,,,,,,,,,,,,,,,,,,,,,,,,,,,,,,,,,,,,,,,,,,,,,,,,,,,,,,,,,,,,,,,,,,,,,,,,,,,,,,,,,,,,,,,,,,,,,,,,,,,,,,,,,,,,,,,,
건강기능식품,경남제약,청담글로벌,에스앤디,노바렉스,서흥,비엘팜텍,뉴온,HLB제약,네오팜,셀로맥스사이언스,HK이노엔,LG생활건강,KT&G,쎌바이오텍,녹십자웰빙,내츄럴엔도텍,콜마비앤에이치,사토시홀딩스,비피도,대원제약,팜스빌,우리이앤엘,코스맥스엔비티,모아라이프플러스,에이치피오,압타바이오,대상홀딩스,뉴트리,케이엠제약,종근당바이오,DXVX,휴럼,알피바이오,종근당홀딩스,휴온스,시너지이노베이션,프롬바이오,아미코젠,그래디언트,에이치엘사이언스,헬릭스미스,케어젠,아이진,에르코스,메디포스트,,,,,,,,,,,,,,,,,,,,,,,,,,,,,,,,,,,,,,,,,,,,,,,,,,,,,,,,,,,,,,,,,,,,,,,,,,,,,,,,,,,,,,,,,,,,,,,,,,,,,
밥솥,PN풍년,신일전자,쿠쿠홀딩스,어보브반도체,캐리,,,,,,,,,,,,,,,,,,,,,,,,,,,,,,,,,,,,,,,,,,,,,,,,,,,,,,,,,,,,,,,,,,,,,,,,,,,,,,,,,,,,,,,,,,,,,,,,,,,,,,,,,,,,,,,,,,,,,,,,,,,,,,,,,,,,,,,,,,,,,
교육/온라인 교육,윌비스,유비온,디지털대성,삼성출판사,DB,아이비김영,캐리소프트,비상교육,정상제이엘에스,골드앤에스,이퓨쳐,메가스터디,에이럭스,대교,크레버스,멀티캠퍼스,YBM넷,메가엠디,비트컴퓨터,아이스크림에듀,비트플래닛,로보로보,웅진씽크빅,메가스터디교육,유엔젤,데이원컴퍼니,아이스크림미디어,NE능률,,,,,,,,,,,,,,,,,,,,,,,,,,,,,,,,,,,,,,,,,,,,,,,,,,,,,,,,,,,,,,,,,,,,,,,,,,,,,,,,,,,,,,,,,,,,,,,,,,,,,,,,,,,,,,,,,,,,,,
겨울,파세코,영원무역,인천도시가스,한미약품,SPC삼립,부스타,서울가스,골프존,유한양행,신일전자,동화약품,경동도시가스,삼천리,지에스이,한국가스공사,대성에너지,경동나비엔,INVENI,지역난방공사,대성홀딩스,녹십자,광동제약,,,,,,,,,,,,,,,,,,,,,,,,,,,,,,,,,,,,,,,,,,,,,,,,,,,,,,,,,,,,,,,,,,,,,,,,,,,,,,,,,,,,,,,,,,,,,,,,,,,,,,,,,,,,,,,,,,,,,,,,,,,,
스마트카(SMART CAR),모트렉스,모바일어플라이언스,현대모비스,유비벨록스,HL만도,오비고,세코닉스,MDS테크,DB하이텍,인포뱅크,LG이노텍,아이에이,엠씨넥스,,,,,,,,,,,,,,,,,,,,,,,,,,,,,,,,,,,,,,,,,,,,,,,,,,,,,,,,,,,,,,,,,,,,,,,,,,,,,,,,,,,,,,,,,,,,,,,,,,,,,,,,,,,,,,,,,,,,,,,,,,,,,,,,,,,,,
그래핀,크리스탈신소재,오리엔트정공,대창,아이텍,다산솔루에타,디와이덕양,엑사이엔씨,경인양행,덕산하이메탈,휴비스,엘엠에스,국일제지,상보,,,,,,,,,,,,,,,,,,,,,,,,,,,,,,,,,,,,,,,,,,,,,,,,,,,,,,,,,,,,,,,,,,,,,,,,,,,,,,,,,,,,,,,,,,,,,,,,,,,,,,,,,,,,,,,,,,,,,,,,,,,,,,,,,,,,,
타이어,한국타이어앤테크놀로지,넥센타이어,넥센,금호석유화학,한국앤컴퍼니,다이나믹디자인,금호타이어,코오롱인더,효성티앤씨,HS효성첨단소재,,,,,,,,,,,,,,,,,,,,,,,,,,,,,,,,,,,,,,,,,,,,,,,,,,,,,,,,,,,,,,,,,,,,,,,,,,,,,,,,,,,,,,,,,,,,,,,,,,,,,,,,,,,,,,,,,,,,,,,,,,,,,,,,,,,,,,,,
종합 물류,SG&G,현대글로비스,한익스프레스,CJ대한통운,삼일,세방,선광,한진,한솔로지스틱스,STX그린로지스,인터지스,태웅로직스,유성티엔에스,동방,KCTC,,,,,,,,,,,,,,,,,,,,,,,,,,,,,,,,,,,,,,,,,,,,,,,,,,,,,,,,,,,,,,,,,,,,,,,,,,,,,,,,,,,,,,,,,,,,,,,,,,,,,,,,,,,,,,,,,,,,,,,,,,,,,,,,,,,
바이오시밀러(복제 바이오의약품),동아에스티,삼천당제약,프레스티지바이오파마,알테오젠,한미약품,셀트리온,삼성바이오로직스,보령,프레스티지바이오로직스,종근당,이수앱지스,셀트리온제약,바이넥스,선바이오,에이프로젠바이오로직스,에이프로젠,녹십자,팬젠,한올바이오파마,대웅제약,LG화학,,,,,,,,,,,,,,,,,,,,,,,,,,,,,,,,,,,,,,,,,,,,,,,,,,,,,,,,,,,,,,,,,,,,,,,,,,,,,,,,,,,,,,,,,,,,,,,,,,,,,,,,,,,,,,,,,,,,,,,,,,,,,
전자파,한미반도체,동일기연,레몬,상신전자,켐트로닉스,다산솔루에타,잉크테크,성우전자,프로텍,제너셈,아모텍,아이씨에이치,,,,,,,,,,,,,,,,,,,,,,,,,,,,,,,,,,,,,,,,,,,,,,,,,,,,,,,,,,,,,,,,,,,,,,,,,,,,,,,,,,,,,,,,,,,,,,,,,,,,,,,,,,,,,,,,,,,,,,,,,,,,,,,,,,,,,,
공작기계,유니온머티리얼,대성하이텍,화천기계,한국주강,와이지-원,한국정밀기계,화천기공,스맥,서암기계공업,넥스턴바이오,SIMPAC,에이비프로바이오,SNT다이내믹스,,,,,,,,,,,,,,,,,,,,,,,,,,,,,,,,,,,,,,,,,,,,,,,,,,,,,,,,,,,,,,,,,,,,,,,,,,,,,,,,,,,,,,,,,,,,,,,,,,,,,,,,,,,,,,,,,,,,,,,,,,,,,,,,,,,,,
김밥(냉동김밥 등),한울앤제주,우양,풀무원,CJ씨푸드,사조대림,한성기업,,,,,,,,,,,,,,,,,,,,,,,,,,,,,,,,,,,,,,,,,,,,,,,,,,,,,,,,,,,,,,,,,,,,,,,,,,,,,,,,,,,,,,,,,,,,,,,,,,,,,,,,,,,,,,,,,,,,,,,,,,,,,,,,,,,,,,,,,,,,
무선충전기술,삼성전자,LS,알에프텍,켐트로닉스,웰킵스하이텍,LG전자,이랜텍,LG이노텍,비에이치,한솔테크닉스,아모센스,위츠,,,,,,,,,,,,,,,,,,,,,,,,,,,,,,,,,,,,,,,,,,,,,,,,,,,,,,,,,,,,,,,,,,,,,,,,,,,,,,,,,,,,,,,,,,,,,,,,,,,,,,,,,,,,,,,,,,,,,,,,,,,,,,,,,,,,,,
고체산화물 연료전지(SOFC),범한퓨얼셀,두산퓨얼셀,SK이터닉스,SK디앤디,LS머트리얼즈,비에이치아이,금양그린파워,한선엔지니어링,아모센스,미코,엘티씨,,,,,,,,,,,,,,,,,,,,,,,,,,,,,,,,,,,,,,,,,,,,,,,,,,,,,,,,,,,,,,,,,,,,,,,,,,,,,,,,,,,,,,,,,,,,,,,,,,,,,,,,,,,,,,,,,,,,,,,,,,,,,,,,,,,,,,,
음식료업종,삼양식품,에스앤디,노바렉스,조흥,롯데칠성,한울앤제주,HK이노엔,LG생활건강,롯데웰푸드,우양,교촌에프앤비,현대그린푸드,서울식품,SPC삼립,오리온,빙그레,남양유업,정다운,흥국에프엔비,오뚜기,사조동아원,농심,하이트진로,매일유업,크라운제과,풀무원,대한제당,미트박스,삼양사,신송홀딩스,태원물산,하이트진로홀딩스,대한제분,대상,푸드나무,샘표식품,미래생명자원,비피도,네오크레마,인산가,CJ제일제당,신세계푸드,팜스빌,코스맥스엔비티,CJ프레시웨이,우듬지팜,더본코리아,에이치피오,해태제과식품,뉴트리,국순당,한탑,네이처셀,엠에스씨,마니커에프앤지,동서,휴럼,보라티알,푸드웰,한국맥널티,바이오포트,에이치엘사이언스,오아,티엔엔터테인먼트,에르코스,,,,,,,,,,,,,,,,,,,,,,,,,,,,,,,,,,,,,,,,,,,,,,,,,,,,,,,,,,,,,,,,,,,,,,,,,,,,,,,,,
건설기계,진성티이씨,흥국,HD현대건설기계,HD현대인프라코어,동일금속,대창단조,두산밥캣,혜인,대동금속,서연탑메탈,디와이파워,현대에버다임,수산세보틱스,전진건설로봇,대모,프리엠스,,,,,,,,,,,,,,,,,,,,,,,,,,,,,,,,,,,,,,,,,,,,,,,,,,,,,,,,,,,,,,,,,,,,,,,,,,,,,,,,,,,,,,,,,,,,,,,,,,,,,,,,,,,,,,,,,,,,,,,,,,,,,,,,,,
의료AI,뉴로핏,제이에스링크,노을,신테카바이오,스피어,비스토스,씨어스테크놀로지,로킷헬스케어,이지케어텍,제이케이시냅스,온코크로스,젠큐릭스,루닛,쓰리빌리언,셀바스헬스케어,메디아나,시선AI,토마토시스템,셀루메드,뷰노,인성정보,모아데이타,제이엘케이,드림씨아이에스,코어라인소프트,셀바스AI,랩지노믹스,딥노이드,엔젠바이오,파로스아이바이오,,,,,,,,,,,,,,,,,,,,,,,,,,,,,,,,,,,,,,,,,,,,,,,,,,,,,,,,,,,,,,,,,,,,,,,,,,,,,,,,,,,,,,,,,,,,,,,,,,,,,,,,,,,,,,,,,,,,
아프리카 돼지열병(ASF),옵티팜,전진바이오팜,윙입푸드,중앙백신,신라에스지,정다운,이글벳,우리손에프앤지,우성,대성미생물,체시스,마니커,팜스코,코미팜,진바이오텍,미래생명자원,한일사료,대한뉴팜,이지홀딩스,동우팜투테이블,하림,씨티씨바이오,팜스토리,우진비앤지,선진,이지바이오,파루,강동씨앤엘,태경비케이,셀레믹스,세니젠,,,,,,,,,,,,,,,,,,,,,,,,,,,,,,,,,,,,,,,,,,,,,,,,,,,,,,,,,,,,,,,,,,,,,,,,,,,,,,,,,,,,,,,,,,,,,,,,,,,,,,,,,,,,,,,,,,,
정유,S-Oil,GS,SK이노베이션,,,,,,,,,,,,,,,,,,,,,,,,,,,,,,,,,,,,,,,,,,,,,,,,,,,,,,,,,,,,,,,,,,,,,,,,,,,,,,,,,,,,,,,,,,,,,,,,,,,,,,,,,,,,,,,,,,,,,,,,,,,,,,,,,,,,,,,,,,,,,,,
스마트그리드(지능형전력망),일진전기,LS,ELECTRIC,일진홀딩스,코콤,비츠로셀,피에스텍,옴니시스템,스맥,CS,아이앤씨,비츠로시스,서전기전,삼화콘덴서,포스코DX,인스코비,누리플렉스,아모그린텍,한전산업,지투파워,피앤씨테크,,,,,,,,,,,,,,,,,,,,,,,,,,,,,,,,,,,,,,,,,,,,,,,,,,,,,,,,,,,,,,,,,,,,,,,,,,,,,,,,,,,,,,,,,,,,,,,,,,,,,,,,,,,,,,,,,,,,,,,,,,,,,
피팅(관이음쇠)/밸브,하이록코리아,성광벤드,비엠티,태광,한국선재,화성밸브,디케이락,케이에스피,한선엔지니어링,,,,,,,,,,,,,,,,,,,,,,,,,,,,,,,,,,,,,,,,,,,,,,,,,,,,,,,,,,,,,,,,,,,,,,,,,,,,,,,,,,,,,,,,,,,,,,,,,,,,,,,,,,,,,,,,,,,,,,,,,,,,,,,,,,,,,,,,,
자전거,빅텍,알톤,삼천리자전거,,,,,,,,,,,,,,,,,,,,,,,,,,,,,,,,,,,,,,,,,,,,,,,,,,,,,,,,,,,,,,,,,,,,,,,,,,,,,,,,,,,,,,,,,,,,,,,,,,,,,,,,,,,,,,,,,,,,,,,,,,,,,,,,,,,,,,,,,,,,,,,
SI(시스템통합),한화시스템,아이크래프트,한솔인티큐브,현대오토에버,다우기술,DB,아시아나IDT,SK,나무기술,정원엔시스,에스트래픽,오파스넷,대신정보통신,케이엘넷,링네트,비트컴퓨터,비트플래닛,오상자이엘,SGA솔루션즈,롯데이노베이트,케이씨에스,신세계,I&C,데이타솔루션,아이티센엔텍,아이티센글로벌,포스코DX,광무,현대무벡스,LG씨엔에스,삼성에스디에스,,,,,,,,,,,,,,,,,,,,,,,,,,,,,,,,,,,,,,,,,,,,,,,,,,,,,,,,,,,,,,,,,,,,,,,,,,,,,,,,,,,,,,,,,,,,,,,,,,,,,,,,,,,,,,,,,,,
LPG(액화석유가스),SK가스,극동유화,E1,S-Oil,GS,SK이노베이션,중앙에너비스,흥구석유,대성산업,,,,,,,,,,,,,,,,,,,,,,,,,,,,,,,,,,,,,,,,,,,,,,,,,,,,,,,,,,,,,,,,,,,,,,,,,,,,,,,,,,,,,,,,,,,,,,,,,,,,,,,,,,,,,,,,,,,,,,,,,,,,,,,,,,,,,,,,,
2차전지(생산),삼성SDI,SK이노베이션,LG에너지솔루션,,,,,,,,,,,,,,,,,,,,,,,,,,,,,,,,,,,,,,,,,,,,,,,,,,,,,,,,,,,,,,,,,,,,,,,,,,,,,,,,,,,,,,,,,,,,,,,,,,,,,,,,,,,,,,,,,,,,,,,,,,,,,,,,,,,,,,,,,,,,,,,
터치패널(스마트폰/태블릿PC 등),이미지스,일진디스플,하이딥,유아이디,베셀,토비스,파인텍,에코볼트,미래나노텍,,,,,,,,,,,,,,,,,,,,,,,,,,,,,,,,,,,,,,,,,,,,,,,,,,,,,,,,,,,,,,,,,,,,,,,,,,,,,,,,,,,,,,,,,,,,,,,,,,,,,,,,,,,,,,,,,,,,,,,,,,,,,,,,,,,,,,,,,
카카오뱅크(kakao BANK),한국금융지주,이니텍,KB금융,한세예스24홀딩스,인포뱅크,예스24,엑셈,카카오뱅크,드림시큐리티,알서포트,카카오,,,,,,,,,,,,,,,,,,,,,,,,,,,,,,,,,,,,,,,,,,,,,,,,,,,,,,,,,,,,,,,,,,,,,,,,,,,,,,,,,,,,,,,,,,,,,,,,,,,,,,,,,,,,,,,,,,,,,,,,,,,,,,,,,,,,,,,
모듈러주택,엔알비,금강공업,코오롱글로벌,삼성물산,에스와이,자연과환경,덕신이피씨,POSCO홀딩스,GS건설,한신공영,,,,,,,,,,,,,,,,,,,,,,,,,,,,,,,,,,,,,,,,,,,,,,,,,,,,,,,,,,,,,,,,,,,,,,,,,,,,,,,,,,,,,,,,,,,,,,,,,,,,,,,,,,,,,,,,,,,,,,,,,,,,,,,,,,,,,,,,
딥페이크(deepfake),아이씨티케이,플랜티넷,M83,한빛소프트,스톤브릿지벤처스,파수,에스피소프트,시선AI,라온시큐어,샌즈랩,디지캡,크라우드웍스,알체라,이스트소프트,,,,,,,,,,,,,,,,,,,,,,,,,,,,,,,,,,,,,,,,,,,,,,,,,,,,,,,,,,,,,,,,,,,,,,,,,,,,,,,,,,,,,,,,,,,,,,,,,,,,,,,,,,,,,,,,,,,,,,,,,,,,,,,,,,,,
비철금속,영풍,이구산업,대창,풍산,풍산홀딩스,서원,티플랙스,현대비앤지스틸,국일신동,쎄니트,황금에스티,피제이메탈,이렘,태경산업,한주라이트메탈,DI동일,알루코,조일알미늄,남선알미늄,고려아연,대양금속,대호에이엘,포스코엠텍,알멕,삼아알미늄,그린플러스,,,,,,,,,,,,,,,,,,,,,,,,,,,,,,,,,,,,,,,,,,,,,,,,,,,,,,,,,,,,,,,,,,,,,,,,,,,,,,,,,,,,,,,,,,,,,,,,,,,,,,,,,,,,,,,,,,,,,,,,
남-북-러 가스관사업,엔케이,KBI동양철관,삼현철강,세아제강,문배철강,부국철강,동양에스텍,화성밸브,디케이락,대동스틸,SK오션플랜트,이엠코리아,휴스틸,하이스틸,,,,,,,,,,,,,,,,,,,,,,,,,,,,,,,,,,,,,,,,,,,,,,,,,,,,,,,,,,,,,,,,,,,,,,,,,,,,,,,,,,,,,,,,,,,,,,,,,,,,,,,,,,,,,,,,,,,,,,,,,,,,,,,,,,,,
탈 플라스틱(친환경/생분해성 등),씨티케이,한국팩키지,디아이씨,에코플라스틱,세림B&G,코오롱ENP,진영,삼륭물산,,,,,,,,,,,,,,,,,,,,,,,,,,,,,,,,,,,,,,,,,,,,,,,,,,,,,,,,,,,,,,,,,,,,,,,,,,,,,,,,,,,,,,,,,,,,,,,,,,,,,,,,,,,,,,,,,,,,,,,,,,,,,,,,,,,,,,,,,,
패션/의류,이스트아시아홀딩스,메타랩스,에이피알,감성코퍼레이션,윌비스,제이에스코퍼레이션,신세계인터내셔날,원풍물산,LS네트웍스,크리스에프앤씨,공구우먼,화승인더,뉴키즈온,진도,영원무역,한섬,동인기연,비비안,그리티,에스티오,BYC,미스토홀딩스,LF,삼성물산,대현,TBH글로벌,배럴,패션플랫폼,신영와코루,젝시믹스,노브랜드,SG세계물산,포니링크,더네이쳐홀딩스,토박스코리아,호전실업,에이유브랜즈,윙스풋,씨싸이트,F&F,한세실업,에스제이그룹,블랙야크아이앤씨,코오롱인더,지엔코,TP,형지엘리트,폴라리스AI,형지글로벌,화승엔터프라이즈,형지I&C,폰드그룹,신원,한세엠케이,좋은사람들,인디에프,온타이드,제이에스티나,코데즈컴바인,,,,,,,,,,,,,,,,,,,,,,,,,,,,,,,,,,,,,,,,,,,,,,,,,,,,,,,,,,,,,,,,,,,,,,,,,,,,,,,,,,,,,,,
마이크로 LED,삼성전자,원풍물산,루멘스,큐에스아이,LG전자,광전자,서울반도체,라온텍,영우디에스피,코세스,사피엔반도체,,,,,,,,,,,,,,,,,,,,,,,,,,,,,,,,,,,,,,,,,,,,,,,,,,,,,,,,,,,,,,,,,,,,,,,,,,,,,,,,,,,,,,,,,,,,,,,,,,,,,,,,,,,,,,,,,,,,,,,,,,,,,,,,,,,,,,,
전기자전거,삼성SDI,알톤,삼천리자전거,에스피지,파워로직스,,,,,,,,,,,,,,,,,,,,,,,,,,,,,,,,,,,,,,,,,,,,,,,,,,,,,,,,,,,,,,,,,,,,,,,,,,,,,,,,,,,,,,,,,,,,,,,,,,,,,,,,,,,,,,,,,,,,,,,,,,,,,,,,,,,,,,,,,,,,,
탈모 치료,메타랩스,현대바이오랜드,이노진,올릭스,강스템바이오텍,보령,TS트릴리온,바이오니아,현대약품,위더스제약,인산가,인벤티지랩,JW신약,안트로젠,신신제약,프롬바이오,대웅제약,인스코비,피플바이오,샤페론,,,,,,,,,,,,,,,,,,,,,,,,,,,,,,,,,,,,,,,,,,,,,,,,,,,,,,,,,,,,,,,,,,,,,,,,,,,,,,,,,,,,,,,,,,,,,,,,,,,,,,,,,,,,,,,,,,,,,,,,,,,,,,
카지노,강원랜드,GKL,코텍,파라다이스,토비스,롯데관광개발,,,,,,,,,,,,,,,,,,,,,,,,,,,,,,,,,,,,,,,,,,,,,,,,,,,,,,,,,,,,,,,,,,,,,,,,,,,,,,,,,,,,,,,,,,,,,,,,,,,,,,,,,,,,,,,,,,,,,,,,,,,,,,,,,,,,,,,,,,,,
아이폰,영풍,삼성전자,SK하이닉스,삼성SDI,하이비젼시스템,슈피겐코리아,프로텍,앤디포스,LG이노텍,비에이치,이녹스첨단소재,아이티엠반도체,와이엠티,LX세미콘,LG화학,덕우전자,삼성전기,인터플렉스,덕산네오룩스,LG디스플레이,,,,,,,,,,,,,,,,,,,,,,,,,,,,,,,,,,,,,,,,,,,,,,,,,,,,,,,,,,,,,,,,,,,,,,,,,,,,,,,,,,,,,,,,,,,,,,,,,,,,,,,,,,,,,,,,,,,,,,,,,,,,,,
아스콘(아스팔트 콘크리트),엔피케이,극동유화,스페코,유진기업,한국석유,HC보광산업,HC홈센타,SG,아이티센씨티에스,,,,,,,,,,,,,,,,,,,,,,,,,,,,,,,,,,,,,,,,,,,,,,,,,,,,,,,,,,,,,,,,,,,,,,,,,,,,,,,,,,,,,,,,,,,,,,,,,,,,,,,,,,,,,,,,,,,,,,,,,,,,,,,,,,,,,,,,,
로봇(산업용/협동로봇 등),코닉오토메이션,로보스타,레인보우로보틱스,티로보틱스,클로봇,씨피시스템,SJG세종,케이엔알시스템,퍼스텍,LIG넥스원,에스피시스템스,삼현,피제이전자,티엑스알로보틱스,인탑스,베노티앤알,오늘이엔엠,포메탈,디아이씨,엔젤로보틱스,케이알엠,대동,에스비비테크,싸이맥스,유일로보틱스,이랜시스,두산로보틱스,러셀,에스피지,LS티라유텍,케이피에프,대동기어,스맥,알에스오토메이션,아진엑스텍,푸른기술,나우로보틱스,서암기계공업,와이투솔루션,한라캐스트,신성델타테크,뉴로메카,원익홀딩스,티피씨글로벌,제우스,우림피티에스,휴림로봇,두산,라온테크,하이젠알앤엠,TPC,현대무벡스,해성에어로보틱스,브이원텍,에브리봇,한국피아이엠,,,,,,,,,,,,,,,,,,,,,,,,,,,,,,,,,,,,,,,,,,,,,,,,,,,,,,,,,,,,,,,,,,,,,,,,,,,,,,,,,,,,,,,,,,
비만치료제,디앤디파마텍,동아에스티,올릭스,삼천당제약,HLB제약,HK이노엔,한미약품,블루엠텍,대화제약,유한양행,종근당,대원제약,펩트론,인벤티지랩,한독,제넥신,큐라티스,대봉엘에스,HLB펩,지투지바이오,셀트리온제약,고바이오랩,라파스,신신제약,DXVX,광동제약,한국비엔씨,시너지이노베이션,대웅제약,LG화학,넥스턴바이오,압타머사이언스,일동제약,나이벡,샤페론,,,,,,,,,,,,,,,,,,,,,,,,,,,,,,,,,,,,,,,,,,,,,,,,,,,,,,,,,,,,,,,,,,,,,,,,,,,,,,,,,,,,,,,,,,,,,,,,,,,,,,,,,,,,,,,
육계,교촌에프앤비,마니커,푸드나무,이지홀딩스,체리부로,동우팜투테이블,하림,팜스토리,마니커에프앤지,,,,,,,,,,,,,,,,,,,,,,,,,,,,,,,,,,,,,,,,,,,,,,,,,,,,,,,,,,,,,,,,,,,,,,,,,,,,,,,,,,,,,,,,,,,,,,,,,,,,,,,,,,,,,,,,,,,,,,,,,,,,,,,,,,,,,,,,,
마이크로바이옴,지놈앤컴퍼니,아모레퍼시픽,HLB제넥스,LG생활건강,에이치이엠파마,비피도,콜마홀딩스,마크로젠,CJ,바이오사이언스,고바이오랩,종근당바이오,DXVX,유바이오로직스,인트론바이오,소마젠,에이치엘사이언스,랩지노믹스,,,,,,,,,,,,,,,,,,,,,,,,,,,,,,,,,,,,,,,,,,,,,,,,,,,,,,,,,,,,,,,,,,,,,,,,,,,,,,,,,,,,,,,,,,,,,,,,,,,,,,,,,,,,,,,,,,,,,,,,,,,,,,,,
도시가스,인천도시가스,서울가스,경동도시가스,삼천리,지에스이,한국가스공사,대성에너지,INVENI,대성홀딩스,,,,,,,,,,,,,,,,,,,,,,,,,,,,,,,,,,,,,,,,,,,,,,,,,,,,,,,,,,,,,,,,,,,,,,,,,,,,,,,,,,,,,,,,,,,,,,,,,,,,,,,,,,,,,,,,,,,,,,,,,,,,,,,,,,,,,,,,,
HBM(고대역폭메모리),마이크로투나노,삼성전자,와이씨,SK하이닉스,한미반도체,디아이,한화비전,이오테크닉스,워트,에스티아이,케이씨텍,예스티,큐알티,디아이티,아이엠티,테크윙,엠케이전자,유니테스트,제우스,레이저쎌,오로스테크놀로지,오픈엣지테크놀로지,미래반도체,제너셈,고영,윈팩,와이씨켐,피에스케이홀딩스,,,,,,,,,,,,,,,,,,,,,,,,,,,,,,,,,,,,,,,,,,,,,,,,,,,,,,,,,,,,,,,,,,,,,,,,,,,,,,,,,,,,,,,,,,,,,,,,,,,,,,,,,,,,,,,,,,,,,,
낙태/피임,지엘팜텍,현대약품,명문제약,알리코제약,,,,,,,,,,,,,,,,,,,,,,,,,,,,,,,,,,,,,,,,,,,,,,,,,,,,,,,,,,,,,,,,,,,,,,,,,,,,,,,,,,,,,,,,,,,,,,,,,,,,,,,,,,,,,,,,,,,,,,,,,,,,,,,,,,,,,,,,,,,,,,
조림사업,SUN&L,SK,이건산업,무림P&P,성창기업지주,자연과환경,제이씨케미칼,동신건설,한솔홈데코,효성오앤비,이건홀딩스,,,,,,,,,,,,,,,,,,,,,,,,,,,,,,,,,,,,,,,,,,,,,,,,,,,,,,,,,,,,,,,,,,,,,,,,,,,,,,,,,,,,,,,,,,,,,,,,,,,,,,,,,,,,,,,,,,,,,,,,,,,,,,,,,,,,,,,
마리화나(대마),엔에프씨,비엘팜텍,HLB바이오스텝,인벤티지랩,씨티씨바이오,화일약품,오성첨단소재,우리바이오,한국비엔씨,애머릿지,,,,,,,,,,,,,,,,,,,,,,,,,,,,,,,,,,,,,,,,,,,,,,,,,,,,,,,,,,,,,,,,,,,,,,,,,,,,,,,,,,,,,,,,,,,,,,,,,,,,,,,,,,,,,,,,,,,,,,,,,,,,,,,,,,,,,,,,
철강 주요종목,KG스틸,동국제강,포스코스틸리온,현대제철,고려제강,세아제강,동국씨엠,POSCO홀딩스,한국철강,세아베스틸지주,대한제강,,,,,,,,,,,,,,,,,,,,,,,,,,,,,,,,,,,,,,,,,,,,,,,,,,,,,,,,,,,,,,,,,,,,,,,,,,,,,,,,,,,,,,,,,,,,,,,,,,,,,,,,,,,,,,,,,,,,,,,,,,,,,,,,,,,,,,,
맥신(MXene),아이크래프트,센코,티플랙스,한국앤컴퍼니,나노,태경산업,경동인베스트,휴비스,아모센스,나인테크,,,,,,,,,,,,,,,,,,,,,,,,,,,,,,,,,,,,,,,,,,,,,,,,,,,,,,,,,,,,,,,,,,,,,,,,,,,,,,,,,,,,,,,,,,,,,,,,,,,,,,,,,,,,,,,,,,,,,,,,,,,,,,,,,,,,,,,,
2025 상반기 신규상장,원일티엔아이,인투셀,모티브링크,엠디바이스,엘케이켐,서울보증보험,바이오비쥬,로킷헬스케어,오가노이드사이언스,신한제16호스팩,티엑스알로보틱스,한화플러스제5호스팩,유안타제17호스팩,케이지에이,오름테라퓨틱,이뮨온시아,미트박스,아스테라시스,달바글로벌,키스트론,에스엠씨지,동방메디컬,에이유브랜즈,나우로보틱스,블랙야크아이앤씨,아이지넷,삼양엔씨켐,위너스,지에프씨생명과학,씨케이솔루션,데이원컴퍼니,동국생명과학,피아이이,에이아이코리아,아이에스티이,바이오포트,지씨지놈,링크솔루션,쎄크,우양에이치씨,심플랫폼,더즌,와이즈넛,LG씨엔에스,에르코스,티씨머티리얼즈,한국피아이엠,대진첨단소재,한텍,,,,,,,,,,,,,,,,,,,,,,,,,,,,,,,,,,,,,,,,,,,,,,,,,,,,,,,,,,,,,,,,,,,,,,,,,,,,,,,,,,,,,,,,,,,,,,,,,
보안주(물리),인콘,아이디스,피제이전자,벨로크,트루엔,한화비전,현대에이치티,픽셀플러스,슈프리마에이치큐,이랜시스,슈프리마,이노뎁,시선AI,엑시큐어하이트론,앤씨앤,포커스에이아이,지슨,싸이버원,에스원,카티스,,,,,,,,,,,,,,,,,,,,,,,,,,,,,,,,,,,,,,,,,,,,,,,,,,,,,,,,,,,,,,,,,,,,,,,,,,,,,,,,,,,,,,,,,,,,,,,,,,,,,,,,,,,,,,,,,,,,,,,,,,,,,,
호텔/리조트,제이에스코퍼레이션,한화,호텔신라,이마트,GS피앤엘,서부T&D,강원랜드,SK네트웍스,파라다이스,롯데관광개발,소노스퀘어,HDC현대산업개발,모나용평,아난티,,,,,,,,,,,,,,,,,,,,,,,,,,,,,,,,,,,,,,,,,,,,,,,,,,,,,,,,,,,,,,,,,,,,,,,,,,,,,,,,,,,,,,,,,,,,,,,,,,,,,,,,,,,,,,,,,,,,,,,,,,,,,,,,,,,,
"구충제(펜벤다졸, 이버멕틴 등)",조아제약,이글벳,대성미생물,체시스,진바이오텍,명문제약,화일약품,알리코제약,신풍제약,,,,,,,,,,,,,,,,,,,,,,,,,,,,,,,,,,,,,,,,,,,,,,,,,,,,,,,,,,,,,,,,,,,,,,,,,,,,,,,,,,,,,,,,,,,,,,,,,,,,,,,,,,,,,,,,,,,,,,,,,,,,,,,,,,,,,,,,,
구제역/광우병 수혜,우성,신라에스지,정다운,사조산업,대성미생물,신라교역,사조오양,마니커,한일사료,이지홀딩스,동우팜투테이블,하림,CJ씨푸드,팜스토리,우진비앤지,동원산업,사조대림,동원수산,태경비케이,한성기업,,,,,,,,,,,,,,,,,,,,,,,,,,,,,,,,,,,,,,,,,,,,,,,,,,,,,,,,,,,,,,,,,,,,,,,,,,,,,,,,,,,,,,,,,,,,,,,,,,,,,,,,,,,,,,,,,,,,,,,,,,,,,,
광고,비케이홀딩스,와이즈버즈,YG,PLUS,SM,C&C,모비데이즈,플레이디,이노션,제일기획,HS애드,오리콤,아티스트컴퍼니,아시아경제,이엠넷,엔피,차이커뮤니케이션,인크로스,케어랩스,지어소프트,드림인사이트,KT나스미디어,에코마케팅,엔비티,애드포러스,FSN,레뷰코퍼레이션,,,,,,,,,,,,,,,,,,,,,,,,,,,,,,,,,,,,,,,,,,,,,,,,,,,,,,,,,,,,,,,,,,,,,,,,,,,,,,,,,,,,,,,,,,,,,,,,,,,,,,,,,,,,,,,,,,,,,,,
재난/안전(지진/화재 등),인콘,LS마린솔루션,대창스틸,HRS,삼영엠텍,한컴라이프케어,희림,HDC현대EP,현대에버다임,동양파일,파라텍,한국종합기술,오텍,티케이지애강,유엔젤,동아지질,서전기전,폴라리스AI,삼일씨엔에스,하이드로리튬,,,,,,,,,,,,,,,,,,,,,,,,,,,,,,,,,,,,,,,,,,,,,,,,,,,,,,,,,,,,,,,,,,,,,,,,,,,,,,,,,,,,,,,,,,,,,,,,,,,,,,,,,,,,,,,,,,,,,,,,,,,,,,
수자원(양적/질적 개선),우리기술,와토스코리아,KBI동양철관,삼성E&A,코오롱생명과학,금호건설,뉴보텍,한국주철관,코오롱글로벌,시노펙스,도화엔지니어링,코웨이,유신,자연과환경,엔바이오니아,태영건설,한국종합기술,티케이지애강,비츠로시스,GS건설,CSA,코스믹,대우건설,KG케미칼,하이스틸,에너토크,두산에너빌리티,웰크론한텍,,,,,,,,,,,,,,,,,,,,,,,,,,,,,,,,,,,,,,,,,,,,,,,,,,,,,,,,,,,,,,,,,,,,,,,,,,,,,,,,,,,,,,,,,,,,,,,,,,,,,,,,,,,,,,,,,,,,,,
스마트폰,이미지스,삼성전자,삼성SDI,유티아이,액트로,링크드,피델릭스,노바텍,뉴온,레몬,알에프텍,육일씨엔에쓰,캐프,인탑스,하이비젼시스템,테크엘,다산솔루에타,켐트로닉스,모베이스,엘디티,케스피온,시노펙스,디티씨,웰킵스하이텍,제이앤티씨,슈피겐코리아,성우전자,유아이디,KH바텍,신화인터텍,씨유테크,동운아나텍,모다이노칩,한국컴퓨터,토비스,유아이엘,LG이노텍,나무가,아진엑스텍,파트론,해성옵틱스,엘엠에스,자화전자,서진시스템,블루콤,엑스플러스,캠시스,파워로직스,테이팩스,세경하이테크,대덕전자,아비코전자,드림텍,이엠텍,인터플렉스,덕산네오룩스,LG디스플레이,PS일렉트로닉스,아이앤씨,디케이티,아모텍,아모그린텍,케이이엠텍,기가레인,,,,,,,,,,,,,,,,,,,,,,,,,,,,,,,,,,,,,,,,,,,,,,,,,,,,,,,,,,,,,,,,,,,,,,,,,,,,,,,,,,
인터넷은행,한국금융지주,이니텍,NICE평가정보,NH투자증권,KB금융,GS리테일,인지소프트,한세예스24홀딩스,KT,시큐브,인포뱅크,인포바인,예스24,이글루,한화생명,현대이지웰,KG이니시스,엑셈,KG모빌리언스,브리지텍,라온시큐어,한국전자인증,카카오뱅크,한컴위드,드림시큐리티,포스코DX,코나아이,알서포트,한국정보인증,카카오,,,,,,,,,,,,,,,,,,,,,,,,,,,,,,,,,,,,,,,,,,,,,,,,,,,,,,,,,,,,,,,,,,,,,,,,,,,,,,,,,,,,,,,,,,,,,,,,,,,,,,,,,,,,,,,,,,,,
리모델링/인테리어,파세코,SUN&L,라이온켐텍,대림바스,이건산업,대림통상,유니드비티플러스,LX하우시스,희림,한샘,하츠,현대리바트,벽산,국보디자인,KCC,KCC글라스,시공테크,한솔홈데코,삼목에스폼,에넥스,진영,이건홀딩스,조이웍스앤코,동화기업,,,,,,,,,,,,,,,,,,,,,,,,,,,,,,,,,,,,,,,,,,,,,,,,,,,,,,,,,,,,,,,,,,,,,,,,,,,,,,,,,,,,,,,,,,,,,,,,,,,,,,,,,,,,,,,,,,,,,,,,,,
사료,우성,사조동아원,대한제당,고려산업,팜스코,케이씨피드,미래생명자원,한일사료,이지홀딩스,씨티씨바이오,팜스토리,우진비앤지,선진,이지바이오,애드바이오텍,한탑,대주산업,오에스피,,,,,,,,,,,,,,,,,,,,,,,,,,,,,,,,,,,,,,,,,,,,,,,,,,,,,,,,,,,,,,,,,,,,,,,,,,,,,,,,,,,,,,,,,,,,,,,,,,,,,,,,,,,,,,,,,,,,,,,,,,,,,,,,
황사/미세먼지,파세코,케이웨더,씨앤투스,성창오토텍,나노,안국약품,롯데하이마트,보령,케스피온,누리플랜,케이엠,하츠,코웨이,옵투스제약,상아프론테크,위닉스,모나리자,JW중외제약,에코프로에이치엔,국제약품,삼일제약,크린앤사이언스,휴비츠,포스코DX,웰크론,,,,,,,,,,,,,,,,,,,,,,,,,,,,,,,,,,,,,,,,,,,,,,,,,,,,,,,,,,,,,,,,,,,,,,,,,,,,,,,,,,,,,,,,,,,,,,,,,,,,,,,,,,,,,,,,,,,,,,,,,
우크라이나 재건,이노인스트루먼트,퍼스텍,HD현대건설기계,HD현대인프라코어,디와이디,동일고무벨트,오늘이엔엠,혜인,스페코,도화엔지니어링,희림,디와이파워,대동금속,서연탑메탈,유신,에스와이,대동,현대에버다임,파라텍,아이톡시,SG,대동기어,에스와이스틸텍,수산세보틱스,서암기계공업,에쓰씨엔지니어링,현대코퍼레이션,TYM,대양전기공업,다산네트웍스,대모,누보,포스코인터내셔널,폴라리스AI,다스코,프리엠스,현대건설,,,,,,,,,,,,,,,,,,,,,,,,,,,,,,,,,,,,,,,,,,,,,,,,,,,,,,,,,,,,,,,,,,,,,,,,,,,,,,,,,,,,,,,,,,,,,,,,,,,,,,,,,,,,,
CXL(컴퓨트익스프레스링크),삼성전자,SK하이닉스,네오셈,파두,대교,국순당,오킨스전자,큐알티,퀄리타스반도체,오픈엣지테크놀로지,엑시콘,코리아써키트,티엘비,,,,,,,,,,,,,,,,,,,,,,,,,,,,,,,,,,,,,,,,,,,,,,,,,,,,,,,,,,,,,,,,,,,,,,,,,,,,,,,,,,,,,,,,,,,,,,,,,,,,,,,,,,,,,,,,,,,,,,,,,,,,,,,,,,,,,
LED,케이엠더블유,삼성전자,성호전자,한국단자,알에프텍,포인트엔지니어링,코아시아,루멘스,한라IMS,파커스,일진디스플,금호에이치티,엘디티,우리엔터프라이즈,LG전자,에스폴리텍,빛샘전자,우리이앤엘,아이엘,에이치엠넥스,광전자,태경산업,엘컴텍,서울반도체,오디텍,금호전기,태경비케이,우리바이오,일월지엠엘,서울바이오시스,와이투솔루션,한솔테크닉스,지앤비에스,에코,나노신소재,삼진엘앤디,케이엔제이,에프알텍,파인테크닉스,레이크머티리얼즈,소룩스,,,,,,,,,,,,,,,,,,,,,,,,,,,,,,,,,,,,,,,,,,,,,,,,,,,,,,,,,,,,,,,,,,,,,,,,,,,,,,,,,,,,,,,,,,,,,,,,,,,,,,,,,
여름,파세코,롯데칠성,태경케미컬,한울앤제주,롯데웰푸드,쿠쿠홈시스,LG생활건강,빙그레,롯데하이마트,신일전자,하이트진로,배럴,마니커,에스씨디,하림,이지홀딩스,보해양조,동우팜투테이블,코웨이,팜스토리,위닉스,DI동일,3S,오텍,조비,남해화학,에쎈테크,후성,,,,,,,,,,,,,,,,,,,,,,,,,,,,,,,,,,,,,,,,,,,,,,,,,,,,,,,,,,,,,,,,,,,,,,,,,,,,,,,,,,,,,,,,,,,,,,,,,,,,,,,,,,,,,,,,,,,,,,
유전자 치료제/분석,제이에스링크,지놈앤컴퍼니,신테카바이오,제놀루션,엑셀세라퓨틱스,HLB제넥스,아이엠비디엑스,코오롱생명과학,HLB파나진,지니너스,진시스템,바이오니아,제넥신,젠큐릭스,신라젠,마크로젠,쓰리빌리언,고바이오랩,CJ,바이오사이언스,바이젠셀,테라젠이텍스,큐로셀,지노믹트리,녹십자,셀레믹스,씨젠,CG인바이츠,진원생명과학,에스디바이오센서,티움바이오,아미코젠,지씨지놈,소마젠,이엔셀,엑세스바이오,툴젠,헬릭스미스,엔젠바이오,랩지노믹스,앱클론,,,,,,,,,,,,,,,,,,,,,,,,,,,,,,,,,,,,,,,,,,,,,,,,,,,,,,,,,,,,,,,,,,,,,,,,,,,,,,,,,,,,,,,,,,,,,,,,,,,,,,,,,
온디바이스 AI,에이팩트,삼성전자,SK하이닉스,에이디테크놀로지,리노공업,네패스,칩스앤미디어,태성,HPSP,가온칩스,텔레칩스,큐알티,유니퀘스트,대덕전자,제주반도체,마음AI,어보브반도체,퀄리타스반도체,삼성전기,오픈엣지테크놀로지,심텍,네패스아크,아이언디바이스,,,,,,,,,,,,,,,,,,,,,,,,,,,,,,,,,,,,,,,,,,,,,,,,,,,,,,,,,,,,,,,,,,,,,,,,,,,,,,,,,,,,,,,,,,,,,,,,,,,,,,,,,,,,,,,,,,,,,,,,,,,
철강 중소형,영흥,대창스틸,신스틸,코메론,한국특강,금강공업,한일철강,KBI동양철관,DSR제강,한국주철관,현대비앤지스틸,삼현철강,경남스틸,동일스틸럭스,키스트론,아주스틸,문배철강,부국철강,대호특수강,동일산업,제이스코홀딩스,금강철강,율촌,대동스틸,SK오션플랜트,원일특강,동양에스텍,동일제강,유에스티,NI스틸,만호제강,동국산업,화인베스틸,휴스틸,TCC스틸,하이스틸,넥스틸,,,,,,,,,,,,,,,,,,,,,,,,,,,,,,,,,,,,,,,,,,,,,,,,,,,,,,,,,,,,,,,,,,,,,,,,,,,,,,,,,,,,,,,,,,,,,,,,,,,,,,,,,,,,,
원자력발전,원일티엔아이,우리기술,LS,ELECTRIC,효성중공업,SG&G,대창스틸,HRS,하이록코리아,삼영엠텍,대창솔루션,성광벤드,티플랙스,비엠티,태광,대한전선,SNT에너지,디티앤씨,한양이엔지,디케이락,금화피에스시,제일테크노스,한전KPS,수산인더스트리,이엠코리아,에스앤더블류,에이프로젠,DL이앤씨,금양그린파워,서전기전,한신기계,광명전기,GS건설,비에이치아이,태웅,대우건설,보성파워텍,강원에너지,한미글로벌,에너토크,한국전력,한전산업,우진엔텍,현대건설,지투파워,일진파워,두산에너빌리티,오르비텍,한전기술,한텍,우진,,,,,,,,,,,,,,,,,,,,,,,,,,,,,,,,,,,,,,,,,,,,,,,,,,,,,,,,,,,,,,,,,,,,,,,,,,,,,,,,,,,,,,,,,,,,,,,
4차산업 수혜주,에이스테크,로보스타,삼성전자,엔지스테크널러지,모바일어플라이언스,DH오토웨어,에스넷,SK,오늘이엔엠,KT,LG전자,모비스,MDS테크,비트컴퓨터,로보로보,푸른기술,알에스오토메이션,아진엑스텍,LG유플러스,SGA솔루션즈,대성창투,오픈베이스,유니퀘스트,SBI인베스트먼트,롯데이노베이트,SK텔레콤,어보브반도체,큐렉소,휴림로봇,포스코DX,드림시큐리티,NAVER,알서포트,셀바스AI,우리기술투자,TPC,이스트소프트,TS인베스트먼트,DSC인베스트먼트,삼성에스디에스,지엔씨에너지,,,,,,,,,,,,,,,,,,,,,,,,,,,,,,,,,,,,,,,,,,,,,,,,,,,,,,,,,,,,,,,,,,,,,,,,,,,,,,,,,,,,,,,,,,,,,,,,,,,,,,,,,
전기차,LS,ELECTRIC,모티브링크,한일단조,현대차,모베이스전자,기아,로스웰,삼성SDI,네오오토,우리산업,경창산업,삼보모터스,대창스틸,KG모빌리티,성호전자,현대공업,한국단자,지엠비코리아,뉴인텍,엠플러스,계양전기,씨티알모빌리티,성창오토텍,우수AMS,현대모비스,명신산업,현대위아,우신시스템,영화테크,HL만도,포스코스틸리온,인팩,금호에이치티,티플랙스,글로벌에스엠,한온시스템,디와이덕양,피에스텍,아진산업,한국앤컴퍼니,인지컨트롤스,LG전자,KEC,디아이씨,솔루스첨단소재,에코플라스틱,삼화전자,엠에스오토텍,엣지파운드리,SK이노베이션,아진전자부품,LS머트리얼즈,상아프론테크,삼기,화신,씨아이에스,한주라이트메탈,SNT모티브,동아화성,폴라리스세원,나라엠앤디,와이엠텍,엠투엔,유에스티,네오티스,서진시스템,이지트로닉스,이닉스,삼기에너지솔루션즈,삼영에스앤씨,파워로직스,성문전자,아이윈,LG화학,휴맥스,삼화콘덴서,아이에이,한빛레이저,알멕,하이젠알앤엠,강원에너지,코스모신소재,세아메카닉스,삼영,LG에너지솔루션,삼화전기,아모그린텍,코스텍시스,신흥에스이씨,원익피앤이,SKC,나노팀,엔켐,한중엔시에스,신성에스티,상신이디피,유일에너테크,엘앤에프,,,,,,,,,,,,,,,,,,,,,,,,,,,,,,,,,,,,,,,,,,,,,,,
제지,무림페이퍼,한창제지,무림P&P,한국제지,무림SP,한국수출포장,한솔제지,아세아제지,삼정펄프,페이퍼코리아,깨끗한나라,해성산업,국일제지,신풍,,,,,,,,,,,,,,,,,,,,,,,,,,,,,,,,,,,,,,,,,,,,,,,,,,,,,,,,,,,,,,,,,,,,,,,,,,,,,,,,,,,,,,,,,,,,,,,,,,,,,,,,,,,,,,,,,,,,,,,,,,,,,,,,,,,,
자원개발,비엘팜텍,LX인터내셔널,서울가스,삼성물산,GS,SK이노베이션,한국가스공사,GS글로벌,엘컴텍,큐로홀딩스,대성산업,현대코퍼레이션,에스아이리소스,포스코인터내셔널,,,,,,,,,,,,,,,,,,,,,,,,,,,,,,,,,,,,,,,,,,,,,,,,,,,,,,,,,,,,,,,,,,,,,,,,,,,,,,,,,,,,,,,,,,,,,,,,,,,,,,,,,,,,,,,,,,,,,,,,,,,,,,,,,,,,
폐기물처리,와이엔텍,서한,태영건설,인선이엔티,한솔홀딩스,,,,,,,,,,,,,,,,,,,,,,,,,,,,,,,,,,,,,,,,,,,,,,,,,,,,,,,,,,,,,,,,,,,,,,,,,,,,,,,,,,,,,,,,,,,,,,,,,,,,,,,,,,,,,,,,,,,,,,,,,,,,,,,,,,,,,,,,,,,,,
원자력발전소 해체,원일티엔아이,우리기술,케이엔알시스템,대창솔루션,한전KPS,에스앤더블류,비에이치아이,비츠로테크,현대건설,두산에너빌리티,위드텍,오르비텍,한전기술,한텍,우진,,,,,,,,,,,,,,,,,,,,,,,,,,,,,,,,,,,,,,,,,,,,,,,,,,,,,,,,,,,,,,,,,,,,,,,,,,,,,,,,,,,,,,,,,,,,,,,,,,,,,,,,,,,,,,,,,,,,,,,,,,,,,,,,,,,
코로나19(음압병실/음압구급차),엔브이에이치코리아,GH신소재,에스와이,오텍,우정바이오,신성이엔지,케이엔솔,,,,,,,,,,,,,,,,,,,,,,,,,,,,,,,,,,,,,,,,,,,,,,,,,,,,,,,,,,,,,,,,,,,,,,,,,,,,,,,,,,,,,,,,,,,,,,,,,,,,,,,,,,,,,,,,,,,,,,,,,,,,,,,,,,,,,,,,,,,
리비안(RIVIAN),모베이스전자,삼성SDI,우리산업,디와이,대유에이텍,우신시스템,피에이치에이,HL만도,동국알앤에스,씨아이에스,에코캡,폴라리스세원,대원화성,포스코인터내셔널,피엔티,남성,알멕,TCC스틸,유진테크놀로지,아모그린텍,상신이디피,,,,,,,,,,,,,,,,,,,,,,,,,,,,,,,,,,,,,,,,,,,,,,,,,,,,,,,,,,,,,,,,,,,,,,,,,,,,,,,,,,,,,,,,,,,,,,,,,,,,,,,,,,,,,,,,,,,,,,,,,,,,,
해저터널(지하화/지하도로 등),LS,LS마린솔루션,세명전기,한국선재,특수건설,우원개발,동아지질,부산산업,티씨머티리얼즈,,,,,,,,,,,,,,,,,,,,,,,,,,,,,,,,,,,,,,,,,,,,,,,,,,,,,,,,,,,,,,,,,,,,,,,,,,,,,,,,,,,,,,,,,,,,,,,,,,,,,,,,,,,,,,,,,,,,,,,,,,,,,,,,,,,,,,,,,
페인트,AK홀딩스,조광페인트,삼화페인트,강남제비스코,벽산,KCC,노루페인트,노루홀딩스,,,,,,,,,,,,,,,,,,,,,,,,,,,,,,,,,,,,,,,,,,,,,,,,,,,,,,,,,,,,,,,,,,,,,,,,,,,,,,,,,,,,,,,,,,,,,,,,,,,,,,,,,,,,,,,,,,,,,,,,,,,,,,,,,,,,,,,,,,
생명보험,미래에셋생명,코리안리,한화생명,삼성생명,동양생명,,,,,,,,,,,,,,,,,,,,,,,,,,,,,,,,,,,,,,,,,,,,,,,,,,,,,,,,,,,,,,,,,,,,,,,,,,,,,,,,,,,,,,,,,,,,,,,,,,,,,,,,,,,,,,,,,,,,,,,,,,,,,,,,,,,,,,,,,,,,,
가상현실(VR),삼성전자,링크드,데브시스터즈,큐에스아이,에스넷,바른손이앤에이,하이비젼시스템,세코닉스,LG전자,칩스앤미디어,동운아나텍,이노시뮬레이션,한빛소프트,토탈소프트,케이쓰리아이,이랜텍,시공테크,에스피지,SOOP,제이씨현시스템,나무가,신도기연,라온텍,E8,에스코넥,위지윅스튜디오,덱스터,스코넥,케이이엠텍,,,,,,,,,,,,,,,,,,,,,,,,,,,,,,,,,,,,,,,,,,,,,,,,,,,,,,,,,,,,,,,,,,,,,,,,,,,,,,,,,,,,,,,,,,,,,,,,,,,,,,,,,,,,,,,,,,,,,
냉각시스템(액침냉각 등),한화에어로스페이스,SK,워트,GST,LG전자,GS,SK이노베이션,유니셈,3S,케이엔솔,한중엔시에스,,,,,,,,,,,,,,,,,,,,,,,,,,,,,,,,,,,,,,,,,,,,,,,,,,,,,,,,,,,,,,,,,,,,,,,,,,,,,,,,,,,,,,,,,,,,,,,,,,,,,,,,,,,,,,,,,,,,,,,,,,,,,,,,,,,,,,,
풍력에너지,우리기술,효성중공업,LS,LS마린솔루션,LS에코에너지,삼영엠텍,효성,SK이터닉스,대창솔루션,코오롱글로벌,스페코,포메탈,세진중공업,LS머트리얼즈,세아제강,세아제강지주,씨엔플러스,POSCO홀딩스,케이피에프,씨에스윈드,SK오션플랜트,서암기계공업,동국산업,금양그린파워,유니슨,태웅,우림피티에스,대명에너지,씨에스베어링,삼일씨엔에스,DGP,한국전력,현대건설,두산에너빌리티,한전기술,동국S&C,,,,,,,,,,,,,,,,,,,,,,,,,,,,,,,,,,,,,,,,,,,,,,,,,,,,,,,,,,,,,,,,,,,,,,,,,,,,,,,,,,,,,,,,,,,,,,,,,,,,,,,,,,,,,,
보안주(정보),아이씨티케이,코닉오토메이션,아우토크립트,이니텍,핀텔,에스투더블유,에스넷,벨로크,나노실리칸첨단소재,윈스테크넷,플랜티넷,수산아이앤티,시큐브,지란지교시큐리티,이글루,안랩,비트플래닛,신시웨이,에스에스알,휴네시온,나노씨엠에스,티사이언티픽,파수,파이오링크,인스피언,SGA솔루션즈,가비아,아이티센피엔에스,라온시큐어,모코엠시스,다우데이타,오픈베이스,디지캡,한국전자인증,샌즈랩,엑스게이트,한컴위드,싸이버원,에스원,드림시큐리티,지니언스,케이사인,한싹,헥토이노베이션,한국정보인증,이스트소프트,모니터랩,소프트캠프,아톤,라닉스,,,,,,,,,,,,,,,,,,,,,,,,,,,,,,,,,,,,,,,,,,,,,,,,,,,,,,,,,,,,,,,,,,,,,,,,,,,,,,,,,,,,,,,,,,,,,,,,
수산,신라에스지,사조산업,신라교역,사조오양,사조씨푸드,CJ씨푸드,동원수산,동원산업,사조대림,한성기업,,,,,,,,,,,,,,,,,,,,,,,,,,,,,,,,,,,,,,,,,,,,,,,,,,,,,,,,,,,,,,,,,,,,,,,,,,,,,,,,,,,,,,,,,,,,,,,,,,,,,,,,,,,,,,,,,,,,,,,,,,,,,,,,,,,,,,,,
의료기기,메타케어,뉴로핏,파마리서치,삼성전자,티로보틱스,엘앤씨바이오,비스토스,제놀루션,클래시스,티앤엘,씨어스테크놀로지,로킷헬스케어,바이오비쥬,피제이전자,제이피아이헬스케어,바이오플러스,HLB생명과학,세운메디칼,씨유메디칼,리가켐바이오,메타바이오메드,엘앤케이바이오,신흥,라메디텍,아스타,비올,아이센스,아이쓰리시스템,아스테라시스,오스테오닉,한국비티비,레이저옵텍,인터로조,제노레이,대원제약,시지메드텍,동운아나텍,유비케어,수젠텍,한독,원텍,바디텍메드,루닛,알파녹스,동방메디컬,바이오다인,셀바스헬스케어,레이언스,디오,메디아나,리메드,코렌텍,디알젬,에스지헬스케어,휴마시스,멕아이씨에스,나노엔텍,한국비엔씨,바텍,뷰노,덴티움,한스바이오메드,휴비츠,제테마,큐렉소,제이엘케이,뷰웍스,더블유에스아이,엠아이텍,원익,퀀타매트릭스,오상헬스케어,디알텍,프로티아,롤링스톤,코어라인소프트,파인메딕스,프리시젼바이오,플라즈맵,딥노이드,랩지노믹스,네오펙트,아이빔테크놀로지,피앤에스로보틱스,미래컴퍼니,티앤알바이오팹,인바디,,,,,,,,,,,,,,,,,,,,,,,,,,,,,,,,,,,,,,,,,,,,,,,,,,,,,,,,,,,
철도,우리기술,대원전선,세명전기,하이록코리아,현대로템,HDC랩스,삼현철강,도화엔지니어링,서한,현대제철,국영지앤엠,황금에스티,유신,빛샘전자,에스트래픽,제룡전기,다원시스,특수건설,와이어블,에스피지,푸른기술,이엠코리아,알루코,한국종합기술,서암기계공업,동일제강,대양전기공업,우리넷,케이씨에스,우원개발,비츠로시스,동아지질,남광토건,대호에이엘,옵티시스,우림피티에스,폴라리스AI,삼일씨엔에스,비츠로테크,부산산업,대아티아이,피앤씨테크,,,,,,,,,,,,,,,,,,,,,,,,,,,,,,,,,,,,,,,,,,,,,,,,,,,,,,,,,,,,,,,,,,,,,,,,,,,,,,,,,,,,,,,,,,,,,,,,,,,,,,,,
네옴시티,에스엠,LS에코에너지,SM,C&C,세아특수강,비엠티,SM,Life,Design,코오롱글로벌,세아홀딩스,대한전선,SNT에너지,도화엔지니어링,삼성물산,희림,유신,에스와이,제이엔케이글로벌,슈프리마,수성웹툰,비츠로시스,대모,세아베스틸지주,성신양회,다스코,한미글로벌,현대건설,인디에프,,,,,,,,,,,,,,,,,,,,,,,,,,,,,,,,,,,,,,,,,,,,,,,,,,,,,,,,,,,,,,,,,,,,,,,,,,,,,,,,,,,,,,,,,,,,,,,,,,,,,,,,,,,,,,,,,,,,,
전기차(충전소/충전기),현대차,기아,모트렉스,동양이엔피,SK,피에스텍,디티씨,SK네트웍스,NICE인프라,아이엘,토비스,솔루엠,와이엠텍,LG유플러스,그리드위즈,와이투솔루션,위너스,휴맥스홀딩스,롯데이노베이트,알티캐스트,신세계,I&C,LG헬로비전,휴맥스,캐리,보성파워텍,위츠,원익피앤이,,,,,,,,,,,,,,,,,,,,,,,,,,,,,,,,,,,,,,,,,,,,,,,,,,,,,,,,,,,,,,,,,,,,,,,,,,,,,,,,,,,,,,,,,,,,,,,,,,,,,,,,,,,,,,,,,,,,,,
페라이트,유니온머티리얼,상신전자,케스피온,삼화전자,한일화학,태경산업,씨큐브,EG,한솔테크닉스,알엔투테크놀로지,아모센스,삼화전기,아모그린텍,미래나노텍,,,,,,,,,,,,,,,,,,,,,,,,,,,,,,,,,,,,,,,,,,,,,,,,,,,,,,,,,,,,,,,,,,,,,,,,,,,,,,,,,,,,,,,,,,,,,,,,,,,,,,,,,,,,,,,,,,,,,,,,,,,,,,,,,,,,
스마트팩토리(스마트공장),코닉오토메이션,LS,ELECTRIC,에스피시스템스,티엑스알로보틱스,엠투아이,비엠티,효성ITX,트윔,SK,에스에프에이,LG,동국알앤에스,MDS테크,에스엠코어,엠아이큐브솔루션,링크제니시스,유일로보틱스,톱텍,LS티라유텍,스맥,알에스오토메이션,아진엑스텍,이삭엔지니어링,코윈테크,오픈베이스,한신기계,피아이이,휴림로봇,포스코DX,더존비즈온,팸텍,라온테크,고영,TPC,제닉스로보틱스,현대무벡스,LG씨엔에스,삼성에스디에스,,,,,,,,,,,,,,,,,,,,,,,,,,,,,,,,,,,,,,,,,,,,,,,,,,,,,,,,,,,,,,,,,,,,,,,,,,,,,,,,,,,,,,,,,,,,,,,,,,,,,,,,,,,
스마트홈(홈네트워크),삼성전자,에스넷,HDC랩스,자이에스앤디,피에스텍,코콤,KT,현대에이치티,LG전자,한울소재과학,제일일렉트릭,CS,현대리바트,옴니시스템,위닉스,경동나비엔,LG유플러스,위너스,SK텔레콤,에스원,포스코DX,누리플렉스,엠젠솔루션,,,,,,,,,,,,,,,,,,,,,,,,,,,,,,,,,,,,,,,,,,,,,,,,,,,,,,,,,,,,,,,,,,,,,,,,,,,,,,,,,,,,,,,,,,,,,,,,,,,,,,,,,,,,,,,,,,,,,,,,,,,
모바일콘텐츠(스마트폰/태블릿PC),SK스퀘어,미스터블루,엔지스테크널러지,삼성출판사,케이티알파,KT밀리의서재,YTN,키다리스튜디오,플랜티넷,KT지니뮤직,KT,인포뱅크,디앤씨미디어,포시에스,YBM넷,핑거스토리,TJ미디어,아이톡시,티사이언티픽,KG모빌리언스,NHN벅스,자이언트스텝,컴투스,NAVER,한컴위드,네오위즈홀딩스,컴투스홀딩스,한글과컴퓨터,셀바스AI,헥토이노베이션,폴라리스오피스,다날,카카오,,,,,,,,,,,,,,,,,,,,,,,,,,,,,,,,,,,,,,,,,,,,,,,,,,,,,,,,,,,,,,,,,,,,,,,,,,,,,,,,,,,,,,,,,,,,,,,,,,,,,,,,,,,,,,,,,
토스(toss),하나금융지주,대신정보통신,이월드,한화투자증권,한국전자인증,엔비티,,,,,,,,,,,,,,,,,,,,,,,,,,,,,,,,,,,,,,,,,,,,,,,,,,,,,,,,,,,,,,,,,,,,,,,,,,,,,,,,,,,,,,,,,,,,,,,,,,,,,,,,,,,,,,,,,,,,,,,,,,,,,,,,,,,,,,,,,,,,
애플페이,NICE,나이스정보통신,한국정보통신,이루온,KG이니시스,KG모빌리언스,엑스플러스,NHN,KCP,,,,,,,,,,,,,,,,,,,,,,,,,,,,,,,,,,,,,,,,,,,,,,,,,,,,,,,,,,,,,,,,,,,,,,,,,,,,,,,,,,,,,,,,,,,,,,,,,,,,,,,,,,,,,,,,,,,,,,,,,,,,,,,,,,,,,,,,,
반도체 장비,하나마이크론,넥스틴,에이팩트,로보스타,와이씨,펨트론,한미반도체,엔투텍,티에스이,기가비스,제이엔비,포인트엔지니어링,디아이,티에프이,피에스케이,GST,브이엠,네오셈,이오테크닉스,리노공업,워트,한화비전,에스에프에이,서플러스글로벌,티씨케이,한양이엔지,파크시스템스,에스티아이,유니셈,프로텍,HPSP,싸이맥스,원익IPS,SFA반도체,성도이엔지,러셀,케이씨텍,엘오티베큠,네온테크,더코디,예스티,디아이티,디바이스,제이티,다원넥스뷰,알에스오토메이션,아이엠티,티이엠씨씨엔에스,에프에스티,프로이천,그린리소스,씨앤지하이테크,테크윙,신성이엔지,로체시스템즈,유진테크,서진시스템,코미코,아스플로,유니테스트,오로스테크놀로지,저스템,아이에스티이,제우스,지앤비에스,에코,탑엔지니어링,레이저쎌,코세스,원익홀딩스,케이엔솔,주성엔지니어링,성우테크론,팸텍,인텍플러스,제너셈,라온테크,테스,엑시콘,쎄크,고영,제이스텍,네패스아크,AP시스템,피에스케이홀딩스,자비스,미래산업,위드텍,기가레인,,,,,,,,,,,,,,,,,,,,,,,,,,,,,,,,,,,,,,,,,,,,,,,,,,,,,,,,,
삼성페이,삼성전자,지니틱스,알에프텍,효성,유비벨록스,제이케이시냅스,나이스정보통신,효성ITX,삼성카드,한국정보통신,에이텍모빌리티,인포바인,이루온,파트론,KG이니시스,KG모빌리언스,라온시큐어,한솔테크닉스,케이사인,드림시큐리티,갤럭시아머니트리,코나아이,NHN,KCP,한국정보인증,아모텍,다날,,,,,,,,,,,,,,,,,,,,,,,,,,,,,,,,,,,,,,,,,,,,,,,,,,,,,,,,,,,,,,,,,,,,,,,,,,,,,,,,,,,,,,,,,,,,,,,,,,,,,,,,,,,,,,,,,,,,,,,
STO(토큰증권 발행),한국금융지주,키움증권,NH투자증권,하나금융지주,KB금융,교보증권,신한지주,SK증권,유진투자증권,아이티아이즈,갤럭시아에스엠,유라클,코리아에셋투자증권,한화투자증권,핑거,서울옥션,뱅크웨어글로벌,아이티센글로벌,헥토파이낸셜,갤럭시아머니트리,케이옥션,우리기술투자,한국정보인증,다날,아톤,,,,,,,,,,,,,,,,,,,,,,,,,,,,,,,,,,,,,,,,,,,,,,,,,,,,,,,,,,,,,,,,,,,,,,,,,,,,,,,,,,,,,,,,,,,,,,,,,,,,,,,,,,,,,,,,,,,,,,,,,
종합상사,LX인터내셔널,코오롱글로벌,삼성물산,SK네트웍스,GS글로벌,현대코퍼레이션,포스코인터내셔널,효성티앤씨,,,,,,,,,,,,,,,,,,,,,,,,,,,,,,,,,,,,,,,,,,,,,,,,,,,,,,,,,,,,,,,,,,,,,,,,,,,,,,,,,,,,,,,,,,,,,,,,,,,,,,,,,,,,,,,,,,,,,,,,,,,,,,,,,,,,,,,,,,
3D 프린터,로보스타,로킷헬스케어,하이비젼시스템,모아텍,에스티아이,스맥,코렌텍,휴림로봇,링크솔루션,TPC,티앤알바이오팹,,,,,,,,,,,,,,,,,,,,,,,,,,,,,,,,,,,,,,,,,,,,,,,,,,,,,,,,,,,,,,,,,,,,,,,,,,,,,,,,,,,,,,,,,,,,,,,,,,,,,,,,,,,,,,,,,,,,,,,,,,,,,,,,,,,,,,,
영화,NEW,바른손이앤에이,CJ,CGV,CJ,ENM,쎄니트,아센디오,롯데쇼핑,콘텐트리중앙,바른손,쇼박스,덱스터,포바이포,,,,,,,,,,,,,,,,,,,,,,,,,,,,,,,,,,,,,,,,,,,,,,,,,,,,,,,,,,,,,,,,,,,,,,,,,,,,,,,,,,,,,,,,,,,,,,,,,,,,,,,,,,,,,,,,,,,,,,,,,,,,,,,,,,,,
코로나19(진단키트),유투바이오,메타케어,마이크로디지탈,제놀루션,HLB제넥스,바이오노트,나노실리칸첨단소재,진시스템,바이오니아,종근당,오상자이엘,수젠텍,바디텍메드,인바이오젠,진매트릭스,얼라인드,바이오스마트,CJ,바이오사이언스,씨티씨바이오,지노믹트리,휴마시스,나노엔텍,유바이오로직스,휴온스,팜젠사이언스,녹십자엠에스,씨젠,대웅제약,에스디바이오센서,드림텍,인트론바이오,소마젠,일동제약,엑세스바이오,퀀타매트릭스,롤링스톤,오상헬스케어,프리시젼바이오,엔젠바이오,랩지노믹스,파미셀,,,,,,,,,,,,,,,,,,,,,,,,,,,,,,,,,,,,,,,,,,,,,,,,,,,,,,,,,,,,,,,,,,,,,,,,,,,,,,,,,,,,,,,,,,,,,,,,,,,,,,,,
뉴로모픽 반도체,삼성전자,네패스,자람테크놀로지,앤씨앤,오픈엣지테크놀로지,에이직랜드,네패스아크,,,,,,,,,,,,,,,,,,,,,,,,,,,,,,,,,,,,,,,,,,,,,,,,,,,,,,,,,,,,,,,,,,,,,,,,,,,,,,,,,,,,,,,,,,,,,,,,,,,,,,,,,,,,,,,,,,,,,,,,,,,,,,,,,,,,,,,,,,,
슈퍼박테리아,동아에스티,리가켐바이오,이연제약,파루,크레오에스지,종근당바이오,CG인바이츠,씨젠,인트론바이오,,,,,,,,,,,,,,,,,,,,,,,,,,,,,,,,,,,,,,,,,,,,,,,,,,,,,,,,,,,,,,,,,,,,,,,,,,,,,,,,,,,,,,,,,,,,,,,,,,,,,,,,,,,,,,,,,,,,,,,,,,,,,,,,,,,,,,,,,
증강현실(AR),엔씨소프트,에스넷,엠게임,가온그룹,세코닉스,디모아,케이쓰리아이,이노시뮬레이션,동운아나텍,이랜텍,포니링크,텔레칩스,팅크웨어,나무가,신도기연,버넥트,라온텍,비트맥스,덱스터,위지윅스튜디오,사피엔반도체,,,,,,,,,,,,,,,,,,,,,,,,,,,,,,,,,,,,,,,,,,,,,,,,,,,,,,,,,,,,,,,,,,,,,,,,,,,,,,,,,,,,,,,,,,,,,,,,,,,,,,,,,,,,,,,,,,,,,,,,,,,,,
초전도체,LS,ELECTRIC,인지디스플레,인지컨트롤스,아센디오,고려제강,한양이엔지,모비스,덕성,신성델타테크,파워로직스,서남,탑엔지니어링,아모텍,비츠로테크,원익피앤이,,,,,,,,,,,,,,,,,,,,,,,,,,,,,,,,,,,,,,,,,,,,,,,,,,,,,,,,,,,,,,,,,,,,,,,,,,,,,,,,,,,,,,,,,,,,,,,,,,,,,,,,,,,,,,,,,,,,,,,,,,,,,,,,,,
키오스크(KIOSK),윈스테크넷,파버나인,NICE인프라,인바이오젠,포스뱅크,푸른기술,씨아이테크,한네트,케이씨에스,케이씨티,,,,,,,,,,,,,,,,,,,,,,,,,,,,,,,,,,,,,,,,,,,,,,,,,,,,,,,,,,,,,,,,,,,,,,,,,,,,,,,,,,,,,,,,,,,,,,,,,,,,,,,,,,,,,,,,,,,,,,,,,,,,,,,,,,,,,,,,
모바일솔루션(스마트폰),이미지스,텔코웨어,인지소프트,유비벨록스,MDS테크,인포뱅크,이루온,브레인즈컴퍼니,포니링크,유라클,네이블,유엔젤,엠로,지어소프트,핑거,다산네트웍스,위세아이텍,카페24,키네마스터,갤럭시아머니트리,셀바스AI,폴라리스오피스,다날,,,,,,,,,,,,,,,,,,,,,,,,,,,,,,,,,,,,,,,,,,,,,,,,,,,,,,,,,,,,,,,,,,,,,,,,,,,,,,,,,,,,,,,,,,,,,,,,,,,,,,,,,,,,,,,,,,,,,,,,,,,
줄기세포,메타케어,엑셀세라퓨틱스,HLB생명과학,강스템바이오텍,에스씨엠생명과학,테고사이언스,제일약품,마크로젠,동구바이오제약,바이오솔루션,네이처셀,에스바이오메딕스,안트로젠,차바이오텍,이엔셀,메디포스트,파미셀,코아스템켐온,,,,,,,,,,,,,,,,,,,,,,,,,,,,,,,,,,,,,,,,,,,,,,,,,,,,,,,,,,,,,,,,,,,,,,,,,,,,,,,,,,,,,,,,,,,,,,,,,,,,,,,,,,,,,,,,,,,,,,,,,,,,,,,,
모바일게임(스마트폰),플레이위드,미스터블루,링크드,엔씨소프트,펄어비스,데브시스터즈,엠게임,고스트스튜디오,밸로프,넥슨게임즈,네오위즈,네오리진,더블유게임즈,한빛소프트,넷마블,썸에이지,카카오게임즈,시프트업,아이톡시,크래프톤,위메이드맥스,티쓰리,웹젠,미투온,액토즈소프트,NHN,모비릭스,컴투스,NAVER,네오위즈홀딩스,위메이드,컴투스홀딩스,넵튠,조이시티,이스트소프트,피노,위메이드플레이,넥써쓰,,,,,,,,,,,,,,,,,,,,,,,,,,,,,,,,,,,,,,,,,,,,,,,,,,,,,,,,,,,,,,,,,,,,,,,,,,,,,,,,,,,,,,,,,,,,,,,,,,,,,,,,,,,,
메르스 코로나 바이러스,케이피엠테크,서린바이오,중앙백신,고려제약,삼진제약,이글벳,바이오니아,케이엠,진매트릭스,우진비앤지,에이프로젠바이오로직스,우정바이오,파루,DXVX,한올바이오파마,크린앤사이언스,하이텍팜,빌리언스,PKC,웰크론,,,,,,,,,,,,,,,,,,,,,,,,,,,,,,,,,,,,,,,,,,,,,,,,,,,,,,,,,,,,,,,,,,,,,,,,,,,,,,,,,,,,,,,,,,,,,,,,,,,,,,,,,,,,,,,,,,,,,,,,,,,,,,
코로나19(진단/치료제/백신 개발 등),제이에스링크,유투바이오,메타케어,마이크로디지탈,제놀루션,옵티팜,엔지켐생명과학,HLB제넥스,바이오노트,강스템바이오텍,나노실리칸첨단소재,리가켐바이오,진시스템,에이비온,바이오니아,코미팜,종근당,오상자이엘,펩트론,제일약품,수젠텍,바디텍메드,유틸렉스,인바이오젠,진매트릭스,마크로젠,큐라티스,한국파마,압타바이오,얼라인드,네이처셀,바이오스마트,CJ,바이오사이언스,현대바이오,JW중외제약,국전약품,씨티씨바이오,한국비엔씨,지노믹트리,휴마시스,나노엔텍,대웅,유바이오로직스,비씨월드제약,휴온스,팜젠사이언스,녹십자엠에스,씨젠,케이바이오,진원생명과학,시너지이노베이션,대웅제약,에스디바이오센서,SV인베스트먼트,드림텍,인트론바이오,소마젠,일동제약,차백신연구소,신풍제약,엑세스바이오,셀리드,퀀타매트릭스,롤링스톤,오상헬스케어,SK바이오사이언스,앱클론,프리시젼바이오,엔젠바이오,케어젠,랩지노믹스,아이진,파미셀,샤페론,,,,,,,,,,,,,,,,,,,,,,,,,,,,,,,,,,,,,,,,,,,,,,,,,,,,,,,,,,,,,,,,,,,,,,,
쿠팡(coupang),NEW,태경케미컬,서울식품,ESR켄달스퀘어리츠,흥국에프엔비,한국정보통신,아티스트컴퍼니,디아이씨,미래생명자원,알로이스,아이스크림에듀,팬스타엔터프라이즈,오텍,한국전자홀딩스,동방,쇼박스,헥토파이낸셜,갤럭시아머니트리,KCTC,엔비티,다날,,,,,,,,,,,,,,,,,,,,,,,,,,,,,,,,,,,,,,,,,,,,,,,,,,,,,,,,,,,,,,,,,,,,,,,,,,,,,,,,,,,,,,,,,,,,,,,,,,,,,,,,,,,,,,,,,,,,,,,,,,,,,
화학섬유,성안머티리얼스,대한화섬,태광산업,코오롱인더,휴비스,효성티앤씨,,,,,,,,,,,,,,,,,,,,,,,,,,,,,,,,,,,,,,,,,,,,,,,,,,,,,,,,,,,,,,,,,,,,,,,,,,,,,,,,,,,,,,,,,,,,,,,,,,,,,,,,,,,,,,,,,,,,,,,,,,,,,,,,,,,,,,,,,,,,
메타버스(Metaverse),현대차,SBS,디어유,링크드,씨이랩,주연테크,펄어비스,큐에스아이,에스넷,엠게임,CJ,ENM,iMBC,KT,엔피,크레버스,케이쓰리아이,칩스앤미디어,한빛소프트,LG이노텍,아진엑스텍,이랜텍,LG유플러스,대성창투,신도기연,자이언트스텝,SKAI,이노뎁,다보링크,미투온,엘엠에스,버넥트,핑거,롯데이노베이트,웨이버스,위세아이텍,비트맥스,알체라,NAVER,옵티시스,코세스,선익시스템,넵튠,에스코넥,셀바스AI,덱스터,위지윅스튜디오,스코넥,카카오,뉴프렉스,,,,,,,,,,,,,,,,,,,,,,,,,,,,,,,,,,,,,,,,,,,,,,,,,,,,,,,,,,,,,,,,,,,,,,,,,,,,,,,,,,,,,,,,,,,,,,,,
마켓컬리(kurly),태경케미컬,우양,흥국에프엔비,팜스코,케이씨피드,SK네트웍스,이씨에스,지어소프트,미래에셋벤처투자,DSC인베스트먼트,,,,,,,,,,,,,,,,,,,,,,,,,,,,,,,,,,,,,,,,,,,,,,,,,,,,,,,,,,,,,,,,,,,,,,,,,,,,,,,,,,,,,,,,,,,,,,,,,,,,,,,,,,,,,,,,,,,,,,,,,,,,,,,,,,,,,,,,
NI(네트워크통합),에스넷,오파스넷,링네트,오픈베이스,아이티센씨티에스,인성정보,광무,,,,,,,,,,,,,,,,,,,,,,,,,,,,,,,,,,,,,,,,,,,,,,,,,,,,,,,,,,,,,,,,,,,,,,,,,,,,,,,,,,,,,,,,,,,,,,,,,,,,,,,,,,,,,,,,,,,,,,,,,,,,,,,,,,,,,,,,,,,
4대강 복원,웹스,혜인,삼호개발,HC홈센타,특수건설,자연과환경,우원개발,하이드로리튬,,,,,,,,,,,,,,,,,,,,,,,,,,,,,,,,,,,,,,,,,,,,,,,,,,,,,,,,,,,,,,,,,,,,,,,,,,,,,,,,,,,,,,,,,,,,,,,,,,,,,,,,,,,,,,,,,,,,,,,,,,,,,,,,,,,,,,,,,,
치아 치료(임플란트 등),현대바이오랜드,메타바이오메드,신흥,오스테오닉,하스,덴티스,디오,레이,오스코텍,덴티움,그래피,바텍,나이벡,한국피아이엠,,,,,,,,,,,,,,,,,,,,,,,,,,,,,,,,,,,,,,,,,,,,,,,,,,,,,,,,,,,,,,,,,,,,,,,,,,,,,,,,,,,,,,,,,,,,,,,,,,,,,,,,,,,,,,,,,,,,,,,,,,,,,,,,,,,,
건설 중소형,금호건설,코오롱글로벌,진흥기업,서한,삼일기업공사,동원개발,HS화성,KCC건설,삼호개발,동부건설,남화토건,SGC,E&C,태영건설,동신건설,까뮤이앤씨,아이에스동서,계룡건설,HL,D&I,대원,우원개발,상지건설,신원종합개발,남광토건,일성건설,한신공영,KD,,,,,,,,,,,,,,,,,,,,,,,,,,,,,,,,,,,,,,,,,,,,,,,,,,,,,,,,,,,,,,,,,,,,,,,,,,,,,,,,,,,,,,,,,,,,,,,,,,,,,,,,,,,,,,,,,,,,,,
치매,일진홀딩스,동아에스티,HLB제약,삼성제약,대화제약,유한양행,고려제약,삼진제약,에이비엘바이오,보령,바이오톡스텍,유유제약,현대약품,명문제약,종근당,인벤티지랩,펩트론,환인제약,수젠텍,지투지바이오,진양제약,화일약품,한국파마,이수앱지스,에이프로젠바이오로직스,동구바이오제약,리메드,네이처셀,바이오스마트,이연제약,모나리자,신신제약,라파스,국전약품,SK케미칼,씨티씨바이오,오스코텍,대웅제약,퓨쳐켐,보로노이,듀켐바이오,퀀타매트릭스,명인제약,큐라클,하이퍼코퍼레이션,엔젠바이오,젬백스,피플바이오,샤페론,,,,,,,,,,,,,,,,,,,,,,,,,,,,,,,,,,,,,,,,,,,,,,,,,,,,,,,,,,,,,,,,,,,,,,,,,,,,,,,,,,,,,,,,,,,,,,,,,
전기차 화재 방지(배터리 열폭주 등),LK삼양,신진에스엠,서연이화,아이텍,제이케이시냅스,금호에이치티,한컴라이프케어,디와이덕양,엣지파운드리,토비스,이노메트리,제일일렉트릭,엔바이오니아,태성,와이엠텍,그리드위즈,롯데이노베이트,이닉스,케이엔에스,켐트로스,삼기에너지솔루션즈,캐리,한빛레이저,아모그린텍,민테크,신흥에스이씨,엠젠솔루션,나노팀,한중엔시에스,,,,,,,,,,,,,,,,,,,,,,,,,,,,,,,,,,,,,,,,,,,,,,,,,,,,,,,,,,,,,,,,,,,,,,,,,,,,,,,,,,,,,,,,,,,,,,,,,,,,,,,,,,,,,,,,,,,,,
"백신/진단시약/방역(신종플루, AI 등)",옵티팜,한미약품,중앙백신,유한양행,고려제약,보령,이글벳,대성미생물,체시스,바이오니아,코미팜,종근당,진바이오텍,대한뉴팜,수젠텍,바디텍메드,모아라이프플러스,진매트릭스,우진비앤지,일성아이에스,화일약품,큐라티스,에이프로젠바이오로직스,SK케미칼,파루,씨티씨바이오,녹십자,광동제약,유바이오로직스,씨젠,진원생명과학,인트론바이오,녹십자홀딩스,차백신연구소,신풍제약,엑세스바이오,프로티아,롤링스톤,오상헬스케어,SK바이오사이언스,랩지노믹스,아이진,,,,,,,,,,,,,,,,,,,,,,,,,,,,,,,,,,,,,,,,,,,,,,,,,,,,,,,,,,,,,,,,,,,,,,,,,,,,,,,,,,,,,,,,,,,,,,,,,,,,,,,,
고령화 사회(노인복지),삼성전자,현대바이오랜드,엔지켐생명과학,HLB제약,피제이전자,씨유메디칼,메타바이오메드,신흥,세운메디칼,아이센스,인터로조,대원제약,유비케어,비트컴퓨터,코오롱티슈진,마크로젠,오텍,JW중외제약,테라젠이텍스,오스코텍,나노엔텍,인성정보,휴비츠,차바이오텍,LG화학,바텍,퓨쳐켐,큐렉소,뷰웍스,녹십자홀딩스,원익,앱클론,피앤에스로보틱스,메디포스트,인바디,,,,,,,,,,,,,,,,,,,,,,,,,,,,,,,,,,,,,,,,,,,,,,,,,,,,,,,,,,,,,,,,,,,,,,,,,,,,,,,,,,,,,,,,,,,,,,,,,,,,,,,,,,,,,,,
니켈,LX인터내셔널,티플랙스,현대비앤지스틸,삼화전자,다이나믹디자인,황금에스티,POSCO홀딩스,제이스코홀딩스,이상네트웍스,유에스티,이지트로닉스,대양금속,LG화학,포스코인터내셔널,LG에너지솔루션,,,,,,,,,,,,,,,,,,,,,,,,,,,,,,,,,,,,,,,,,,,,,,,,,,,,,,,,,,,,,,,,,,,,,,,,,,,,,,,,,,,,,,,,,,,,,,,,,,,,,,,,,,,,,,,,,,,,,,,,,,,,,,,,,,,
게임,플레이위드,엔씨소프트,펄어비스,엠게임,손오공,밸로프,넥슨게임즈,네오위즈,네오리진,더블유게임즈,한빛소프트,넷마블,카카오게임즈,시프트업,아이톡시,크래프톤,위메이드맥스,티쓰리,웹젠,미투온,액토즈소프트,NHN,대원미디어,컴투스,NAVER,네오위즈홀딩스,위메이드,넵튠,조이시티,스코넥,이스트소프트,넥써쓰,,,,,,,,,,,,,,,,,,,,,,,,,,,,,,,,,,,,,,,,,,,,,,,,,,,,,,,,,,,,,,,,,,,,,,,,,,,,,,,,,,,,,,,,,,,,,,,,,,,,,,,,,,,,,,,,,,
GTX(수도권 광역급행철도),세명전기,현대로템,금호건설,도화엔지니어링,삼현철강,서한,유진기업,유신,동부건설,HJ중공업,다원시스,특수건설,태영건설,HL,D&I,DL이앤씨,우원개발,동아지질,GS건설,남광토건,비츠로시스,대우건설,폴라리스AI,HDC현대산업개발,대아티아이,현대건설,,,,,,,,,,,,,,,,,,,,,,,,,,,,,,,,,,,,,,,,,,,,,,,,,,,,,,,,,,,,,,,,,,,,,,,,,,,,,,,,,,,,,,,,,,,,,,,,,,,,,,,,,,,,,,,,,,,,,,,,
사물인터넷,두산테스나,알파칩스,에스넷,에이디테크놀로지,제이케이시냅스,효성ITX,가온그룹,HDC랩스,코콤,트루엔,삼진,한울소재과학,비트플래닛,엑사이엔씨,유비쿼스,SGA솔루션즈,대한과학,LG유플러스,오픈베이스,한국전자인증,다산네트웍스,비츠로시스,케이사인,누리플렉스,유진로봇,엔텔스,심플랫폼,삼성에스디에스,기가레인,,,,,,,,,,,,,,,,,,,,,,,,,,,,,,,,,,,,,,,,,,,,,,,,,,,,,,,,,,,,,,,,,,,,,,,,,,,,,,,,,,,,,,,,,,,,,,,,,,,,,,,,,,,,,,,,,,,,,
재택근무/스마트워크,에스넷,세종텔레콤,효성ITX,영림원소프트랩,오파스넷,포시에스,이씨에스,링네트,휴네시온,파수,제이씨현시스템,NHN,더존비즈온,알서포트,폴라리스오피스,소프트캠프,,,,,,,,,,,,,,,,,,,,,,,,,,,,,,,,,,,,,,,,,,,,,,,,,,,,,,,,,,,,,,,,,,,,,,,,,,,,,,,,,,,,,,,,,,,,,,,,,,,,,,,,,,,,,,,,,,,,,,,,,,,,,,,,,,
통신,KT,LG유플러스,SK텔레콤,,,,,,,,,,,,,,,,,,,,,,,,,,,,,,,,,,,,,,,,,,,,,,,,,,,,,,,,,,,,,,,,,,,,,,,,,,,,,,,,,,,,,,,,,,,,,,,,,,,,,,,,,,,,,,,,,,,,,,,,,,,,,,,,,,,,,,,,,,,,,,,
3D 낸드(NAND),삼성전자,SK하이닉스,한솔케미칼,피에스케이,디엔에프,한양이엔지,원익QnC,케이씨텍,원익IPS,테크윙,유진테크,유니테스트,제우스,원익머트리얼즈,테스,심텍,피에스케이홀딩스,후성,,,,,,,,,,,,,,,,,,,,,,,,,,,,,,,,,,,,,,,,,,,,,,,,,,,,,,,,,,,,,,,,,,,,,,,,,,,,,,,,,,,,,,,,,,,,,,,,,,,,,,,,,,,,,,,,,,,,,,,,,,,,,,,,
마이데이터,NICE평가정보,세종텔레콤,유비벨록스,파수,아이티아이즈,파이오링크,핑거,NAVER,헥토이노베이션,쿠콘,아톤,,,,,,,,,,,,,,,,,,,,,,,,,,,,,,,,,,,,,,,,,,,,,,,,,,,,,,,,,,,,,,,,,,,,,,,,,,,,,,,,,,,,,,,,,,,,,,,,,,,,,,,,,,,,,,,,,,,,,,,,,,,,,,,,,,,,,,,
mRNA(메신저 리보핵산),올릭스,엔지켐생명과학,한미약품,삼양홀딩스,서린바이오,한미사이언스,큐라티스,셀루메드,아미노로직스,이연제약,녹십자,진원생명과학,나이벡,에스티팜,아이진,파미셀,,,,,,,,,,,,,,,,,,,,,,,,,,,,,,,,,,,,,,,,,,,,,,,,,,,,,,,,,,,,,,,,,,,,,,,,,,,,,,,,,,,,,,,,,,,,,,,,,,,,,,,,,,,,,,,,,,,,,,,,,,,,,,,,,,
농업,포메탈,동방아그로,아세아텍,SB성보,아시아종묘,대동금속,대동,우듬지팜,경농,대동기어,농우바이오,효성오앤비,롯데정밀화학,그린생명과학,인바이오,TYM,누보,조비,KG케미칼,남해화학,우림피티에스,그린플러스,,,,,,,,,,,,,,,,,,,,,,,,,,,,,,,,,,,,,,,,,,,,,,,,,,,,,,,,,,,,,,,,,,,,,,,,,,,,,,,,,,,,,,,,,,,,,,,,,,,,,,,,,,,,,,,,,,,,,,,,,,,,
마스크,씨앤투스,조아제약,케이피엠테크,레몬,비비안,한컴라이프케어,애경산업,디케이앤디,케이엠,톱텍,메디앙스,모나리자,JW중외제약,동국제약,깨끗한나라,국제약품,아가방컴퍼니,휴비스,녹십자엠에스,크린앤사이언스,동양,웰크론,코데즈컴바인,,,,,,,,,,,,,,,,,,,,,,,,,,,,,,,,,,,,,,,,,,,,,,,,,,,,,,,,,,,,,,,,,,,,,,,,,,,,,,,,,,,,,,,,,,,,,,,,,,,,,,,,,,,,,,,,,,,,,,,,,,,
셰일가스(Shale Gas),한국카본,SK가스,SNT에너지,E1,한국가스공사,SH에너지화학,비에이치아이,포스코인터내셔널,우림피티에스,한국전력,두산에너빌리티,,,,,,,,,,,,,,,,,,,,,,,,,,,,,,,,,,,,,,,,,,,,,,,,,,,,,,,,,,,,,,,,,,,,,,,,,,,,,,,,,,,,,,,,,,,,,,,,,,,,,,,,,,,,,,,,,,,,,,,,,,,,,,,,,,,,,,,
시멘트/레미콘,유니온,한일현대시멘트,쎄니트,유진기업,아세아시멘트,HC보광산업,삼표시멘트,SG,HC홈센타,강동씨앤엘,한일시멘트,서산,성신양회,동양,모헨즈,부산산업,,,,,,,,,,,,,,,,,,,,,,,,,,,,,,,,,,,,,,,,,,,,,,,,,,,,,,,,,,,,,,,,,,,,,,,,,,,,,,,,,,,,,,,,,,,,,,,,,,,,,,,,,,,,,,,,,,,,,,,,,,,,,,,,,,
태양광에너지,LS,ELECTRIC,한화,뉴인텍,SK이터닉스,OCI홀딩스,코오롱글로벌,대성파인텍,혜인,도화엔지니어링,에스폴리텍,삼성물산,에스와이,다원시스,씨엔플러스,KCC,엘오티베큠,원익IPS,파루,매커스,수산인더스트리,한화솔루션,HD현대에너지솔루션,알에스오토메이션,그리드위즈,신성이엔지,OCI,광명전기,코미코,금양그린파워,한솔테크닉스,아바코,유니테스트,지앤비에스,에코,대명에너지,이건홀딩스,주성엔지니어링,캐리,다스코,나노신소재,DGP,대주전자재료,SDN,한국전력,에스에너지,지투파워,레이크머티리얼즈,,,,,,,,,,,,,,,,,,,,,,,,,,,,,,,,,,,,,,,,,,,,,,,,,,,,,,,,,,,,,,,,,,,,,,,,,,,,,,,,,,,,,,,,,,,,,,,,,,
웹툰,미스터블루,이스트에이드,키다리스튜디오,디앤씨미디어,와이랩,핑거스토리,수성웹툰,미투온,NHN,대원미디어,NAVER,탑코미디어,엔비티,조이시티,카카오,,,,,,,,,,,,,,,,,,,,,,,,,,,,,,,,,,,,,,,,,,,,,,,,,,,,,,,,,,,,,,,,,,,,,,,,,,,,,,,,,,,,,,,,,,,,,,,,,,,,,,,,,,,,,,,,,,,,,,,,,,,,,,,,,,,
반도체 재료/부품,마이크로투나노,하나마이크론,해성디에스,에이치브이엠,엘케이켐,에스에이엠티,메카로,월덱스,시노펙스,유니트론텍,디엔에프,샘씨엔에스,웰킵스하이텍,KX하이텍,뉴파워프라즈마,티씨케이,네패스,KEC,ISC,KPX케미칼,원익QnC,케이씨텍,위지트,타이거일렉,하나머티리얼즈,오킨스전자,3S,덕산하이메탈,티이엠씨씨엔에스,에프에스티,한솔아이원스,HLB이노베이션,삼양엔씨켐,OCI,제이아이테크,지오엘리먼트,티이엠씨,한양디지텍,에스앤에스텍,이녹스첨단소재,두산,원익머트리얼즈,이엔에프테크놀로지,엠케이전자,와이씨켐,램테크놀러지,메가터치,동진쎄미켐,케이엔제이,에프엔에스테크,비씨엔씨,솔브레인,미코,피엠티,마이크로컨텍솔,엘티씨,퓨릿,레이크머티리얼즈,덕산테코피아,천보,후성,,,,,,,,,,,,,,,,,,,,,,,,,,,,,,,,,,,,,,,,,,,,,,,,,,,,,,,,,,,,,,,,,,,,,,,,,,,,,,,,,,,,,
클라우드 컴퓨팅,비투엔,케이아이엔엑스,다우기술,DB,효성ITX,SK,영림원소프트랩,솔트웨어,나무기술,KT,포시에스,안랩,비트플래닛,포니링크,SGA솔루션즈,가비아,휴네시온,엑셈,엠로,파이오링크,유엔젤,에스피소프트,오픈베이스,SK텔레콤,NAVER,포스코DX,아이티센엔텍,더존비즈온,케이사인,한글과컴퓨터,엔텔스,핸디소프트,폴라리스오피스,LG씨엔에스,솔트룩스,삼성에스디에스,,,,,,,,,,,,,,,,,,,,,,,,,,,,,,,,,,,,,,,,,,,,,,,,,,,,,,,,,,,,,,,,,,,,,,,,,,,,,,,,,,,,,,,,,,,,,,,,,,,,,,,,,,,,,,
강관업체(Steel pipe),금강공업,KBI동양철관,한국주철관,세아제강,율촌,이렘,SK오션플랜트,유에스티,휴스틸,하이스틸,넥스틸,,,,,,,,,,,,,,,,,,,,,,,,,,,,,,,,,,,,,,,,,,,,,,,,,,,,,,,,,,,,,,,,,,,,,,,,,,,,,,,,,,,,,,,,,,,,,,,,,,,,,,,,,,,,,,,,,,,,,,,,,,,,,,,,,,,,,,,
양자암호/양자컴퓨팅,아이씨티케이,에이엘티,큐에스아이,사토시홀딩스,KT,한울소재과학,LG유플러스,아이티센피엔에스,라온시큐어,우리넷,엑스게이트,우리로,쏠리드,케이씨에스,SK텔레콤,드림시큐리티,파인텍,한국첨단소재,한국정보인증,코위버,포톤,아톤,아이윈플러스,라닉스,,,,,,,,,,,,,,,,,,,,,,,,,,,,,,,,,,,,,,,,,,,,,,,,,,,,,,,,,,,,,,,,,,,,,,,,,,,,,,,,,,,,,,,,,,,,,,,,,,,,,,,,,,,,,,,,,,,,,,,,,,
태풍 및 장마,뉴보텍,동방아그로,대동,경농,파루,인선이엔티,롯데정밀화학,조비,남해화학,하이드로리튬,,,,,,,,,,,,,,,,,,,,,,,,,,,,,,,,,,,,,,,,,,,,,,,,,,,,,,,,,,,,,,,,,,,,,,,,,,,,,,,,,,,,,,,,,,,,,,,,,,,,,,,,,,,,,,,,,,,,,,,,,,,,,,,,,,,,,,,,
화이자(PFIZER),대한약품,유한양행,제일약품,서울제약,파미셀,,,,,,,,,,,,,,,,,,,,,,,,,,,,,,,,,,,,,,,,,,,,,,,,,,,,,,,,,,,,,,,,,,,,,,,,,,,,,,,,,,,,,,,,,,,,,,,,,,,,,,,,,,,,,,,,,,,,,,,,,,,,,,,,,,,,,,,,,,,,,
마이코플라스마 폐렴,경동제약,위더스제약,수젠텍,젠큐릭스,광동제약,국제약품,DXVX,멕아이씨에스,국전약품,팜젠사이언스,인트론바이오,엑세스바이오,,,,,,,,,,,,,,,,,,,,,,,,,,,,,,,,,,,,,,,,,,,,,,,,,,,,,,,,,,,,,,,,,,,,,,,,,,,,,,,,,,,,,,,,,,,,,,,,,,,,,,,,,,,,,,,,,,,,,,,,,,,,,,,,,,,,,,
갤럭시 부품주,삼성전자,유티아이,알에프텍,레몬,신화콘텍,켐트로닉스,시노펙스,모베이스,인탑스,세코닉스,KH바텍,제이앤티씨,씨유테크,이랜텍,앤디포스,파트론,나무가,자화전자,비에이치,도우인시스,PI첨단소재,캠시스,파워로직스,이녹스첨단소재,세경하이테크,한솔테크닉스,드림텍,삼성전기,덕산네오룩스,인터플렉스,에스코넥,엠씨넥스,코리아써키트,옵트론텍,PS일렉트로닉스,아모텍,아모그린텍,기가레인,뉴프렉스,,,,,,,,,,,,,,,,,,,,,,,,,,,,,,,,,,,,,,,,,,,,,,,,,,,,,,,,,,,,,,,,,,,,,,,,,,,,,,,,,,,,,,,,,,,,,,,,,,,,,,,,,,,
야놀자(Yanolja),한화생명,한화투자증권,아주IB투자,SBI인베스트먼트,그래디언트,,,,,,,,,,,,,,,,,,,,,,,,,,,,,,,,,,,,,,,,,,,,,,,,,,,,,,,,,,,,,,,,,,,,,,,,,,,,,,,,,,,,,,,,,,,,,,,,,,,,,,,,,,,,,,,,,,,,,,,,,,,,,,,,,,,,,,,,,,,,,
폴더블폰,삼성전자,유티아이,노바텍,켐트로닉스,KH바텍,동운아나텍,원익큐브,코오롱인더,비에이치,도우인시스,테이팩스,PI첨단소재,이녹스첨단소재,세경하이테크,LG화학,삼성전기,파인텍,상보,인터플렉스,에스코넥,LG디스플레이,디케이티,파인엠텍,SKC,,,,,,,,,,,,,,,,,,,,,,,,,,,,,,,,,,,,,,,,,,,,,,,,,,,,,,,,,,,,,,,,,,,,,,,,,,,,,,,,,,,,,,,,,,,,,,,,,,,,,,,,,,,,,,,,,,,,,,,,,,
엠폭스(원숭이두창),제놀루션,바이오노트,HK이노엔,케스피온,바이오니아,오상자이엘,바디텍메드,진매트릭스,현대바이오,휴마시스,셀레믹스,씨젠,팜젠사이언스,녹십자엠에스,빌리언스,녹십자홀딩스,엑세스바이오,세니젠,랩지노믹스,롤링스톤,파미셀,,,,,,,,,,,,,,,,,,,,,,,,,,,,,,,,,,,,,,,,,,,,,,,,,,,,,,,,,,,,,,,,,,,,,,,,,,,,,,,,,,,,,,,,,,,,,,,,,,,,,,,,,,,,,,,,,,,,,,,,,,,,,
화폐/금융자동화기기(디지털화폐 등),풍산,NICE인프라,푸른기술,로지시스,카카오페이,한네트,케이씨에스,케이씨티,프리엠스,누리플렉스,,,,,,,,,,,,,,,,,,,,,,,,,,,,,,,,,,,,,,,,,,,,,,,,,,,,,,,,,,,,,,,,,,,,,,,,,,,,,,,,,,,,,,,,,,,,,,,,,,,,,,,,,,,,,,,,,,,,,,,,,,,,,,,,,,,,,,,,
골프,크리스에프앤씨,골프존홀딩스,남화산업,와이엔텍,골프존,KX,미스토홀딩스,베뉴지,라온피플,형지글로벌,브이씨,뷰웍스,모나용평,한세엠케이,아난티,,,,,,,,,,,,,,,,,,,,,,,,,,,,,,,,,,,,,,,,,,,,,,,,,,,,,,,,,,,,,,,,,,,,,,,,,,,,,,,,,,,,,,,,,,,,,,,,,,,,,,,,,,,,,,,,,,,,,,,,,,,,,,,,,,,
일자리(취업),윌비스,오픈놀,아이비김영,메가엠디,사람인,대성창투,데이원컴퍼니,원티드랩,TS인베스트먼트,DSC인베스트먼트,,,,,,,,,,,,,,,,,,,,,,,,,,,,,,,,,,,,,,,,,,,,,,,,,,,,,,,,,,,,,,,,,,,,,,,,,,,,,,,,,,,,,,,,,,,,,,,,,,,,,,,,,,,,,,,,,,,,,,,,,,,,,,,,,,,,,,,,
日제품 불매운동(수혜),그리티,비비안,BYC,하이트진로,TBH글로벌,배럴,크라운제과,하이트진로홀딩스,보해양조,해태제과식품,리드코프,메디앙스,모나리자,깨끗한나라,크라운해태홀딩스,아가방컴퍼니,보라티알,모나미,좋은사람들,코데즈컴바인,,,,,,,,,,,,,,,,,,,,,,,,,,,,,,,,,,,,,,,,,,,,,,,,,,,,,,,,,,,,,,,,,,,,,,,,,,,,,,,,,,,,,,,,,,,,,,,,,,,,,,,,,,,,,,,,,,,,,,,,,,,,,,
OLED(유기 발광 다이오드),삼성전자,로보스타,에이치브이엠,티로보틱스,탑런토탈솔루션,이엠앤아이,티에스이,한솔케미칼,포인트엔지니어링,킵스파마,한울반도체,참엔지니어링,에스에프에이,엘디티,아이컴포넌트,LG전자,웰킵스하이텍,뉴파워프라즈마,솔루스첨단소재,인베니아,베셀,비아트론,이엘피,상아프론테크,한국컴퓨터,APS,야스,한켐,디바이스,톱텍,엘오티베큠,원익IPS,예스티,디아이티,한솔아이원스,와이투솔루션,신도기연,우리넷,프로이천,제이엠티,HB솔루션,동아엘텍,PI첨단소재,풍원정밀,이녹스첨단소재,LX세미콘,아바코,LG화학,영우디에스피,힘스,탑엔지니어링,제이스텍,피엔에이치테크,선익시스템,원익머트리얼즈,파인텍,주성엔지니어링,나래나노텍,덕산네오룩스,핌스,필옵틱스,램테크놀러지,넥사다이내믹스,나노신소재,LG디스플레이,피엔티엠에스,와이엠씨,HB테크놀러지,에프엔에스테크,AP시스템,아이씨디,나인테크,에스켐,브이원텍,미래컴퍼니,덕산테코피아,아이티켐,천보,예선테크,,,,,,,,,,,,,,,,,,,,,,,,,,,,,,,,,,,,,,,,,,,,,,,,,,,,,,,,,,,,,,,,,,,
전력저장장치(ESS),LS,ELECTRIC,HD현대일렉트릭,효성중공업,삼성SDI,엠플러스,세방전지,SK이터닉스,디와이덕양,LG전자,SK이노베이션,비츠로셀,상아프론테크,이랜텍,씨아이에스,와이엠텍,HD현대에너지솔루션,알에스오토메이션,그리드위즈,신성이엔지,서진시스템,유니테크노,파워로직스,금양그린파워,삼화콘덴서,포스코DX,비나텍,피엔티,캐리,삼진엘앤디,디케이티,LG에너지솔루션,한전산업,아모그린텍,삼화전기,지투파워,케이이엠텍,원익피앤이,엔켐,한중엔시에스,신성에스티,유일에너테크,,,,,,,,,,,,,,,,,,,,,,,,,,,,,,,,,,,,,,,,,,,,,,,,,,,,,,,,,,,,,,,,,,,,,,,,,,,,,,,,,,,,,,,,,,,,,,,,,,,,,,,,
지능형로봇/인공지능(AI),로보티즈,로보스타,클로봇,티로보틱스,퍼스텍,한화에어로스페이스,이스트에이드,핀텔,에스투더블유,트윔,가온그룹,유디엠텍,LG전자,아티스트컴퍼니,네패스,모비스,엔젤로보틱스,브레인즈컴퍼니,스맥,로보로보,링크제니시스,러셀,유일로보틱스,엑셈,산돌,엠로,시선AI,이노뎁,한국전자인증,오픈베이스,롯데이노베이트,크라우드웍스,마음AI,라온피플,데이타솔루션,피아이이,한라캐스트,휴먼테크놀로지,모아데이타,위세아이텍,휴림로봇,알체라,영우디에스피,큐렉소,더블유에스아이,유진로봇,셀바스AI,고영,바이브컴퍼니,오브젠,비아이매트릭스,심플랫폼,뉴엔AI,비큐AI,코난테크놀로지,와이즈넛,피앤에스로보틱스,에브리봇,네오펙트,솔트룩스,미래컴퍼니,삼성에스디에스,씨메스,,,,,,,,,,,,,,,,,,,,,,,,,,,,,,,,,,,,,,,,,,,,,,,,,,,,,,,,,,,,,,,,,,,,,,,,,,,,,,,,,,,
코로나19(치료제/백신 개발 등),옵티팜,강스템바이오텍,리가켐바이오,에이비온,코미팜,펩트론,큐라티스,유틸렉스,인바이오젠,진매트릭스,압타바이오,한국파마,네이처셀,현대바이오,JW중외제약,한국비엔씨,케이바이오,국전약품,진원생명과학,유바이오로직스,일동제약,차백신연구소,신풍제약,셀리드,SK바이오사이언스,앱클론,케어젠,아이진,샤페론,,,,,,,,,,,,,,,,,,,,,,,,,,,,,,,,,,,,,,,,,,,,,,,,,,,,,,,,,,,,,,,,,,,,,,,,,,,,,,,,,,,,,,,,,,,,,,,,,,,,,,,,,,,,,,,,,,,,,
블록체인,이니텍,유수홀딩스,SK,LG,KT,시큐브,케이엘넷,SGA솔루션즈,파수,대성창투,라온시큐어,한국전자인증,롯데이노베이트,SK텔레콤,한컴위드,아이티센글로벌,드림시큐리티,NAVER,네오위즈홀딩스,위메이드,케이사인,카카오,삼성에스디에스,,,,,,,,,,,,,,,,,,,,,,,,,,,,,,,,,,,,,,,,,,,,,,,,,,,,,,,,,,,,,,,,,,,,,,,,,,,,,,,,,,,,,,,,,,,,,,,,,,,,,,,,,,,,,,,,,,,,,,,,,,,
플렉서블 디스플레이,삼성전자,유티아이,루멘스,에스에프에이,아이컴포넌트,비아트론,경인양행,신도기연,코오롱인더,HB솔루션,도우인시스,PI첨단소재,파인텍,주성엔지니어링,덕산네오룩스,필옵틱스,코세스,인터플렉스,LG디스플레이,디이엔티,AP시스템,브이원텍,SKC,,,,,,,,,,,,,,,,,,,,,,,,,,,,,,,,,,,,,,,,,,,,,,,,,,,,,,,,,,,,,,,,,,,,,,,,,,,,,,,,,,,,,,,,,,,,,,,,,,,,,,,,,,,,,,,,,,,,,,,,,,,
모더나(MODERNA),엔투텍,삼성바이오로직스,녹십자,소마젠,에스티팜,파미셀,,,,,,,,,,,,,,,,,,,,,,,,,,,,,,,,,,,,,,,,,,,,,,,,,,,,,,,,,,,,,,,,,,,,,,,,,,,,,,,,,,,,,,,,,,,,,,,,,,,,,,,,,,,,,,,,,,,,,,,,,,,,,,,,,,,,,,,,,,,,
면역항암제,HLB,동아에스티,지아이이노베이션,리가켐바이오,안국약품,유한양행,에이비엘바이오,이뮨온시아,유틸렉스,제넥신,압타바이오,이수앱지스,와이바이오로직스,신라젠,바이젠셀,큐리언트,더코디,네오이뮨텍,에이비프로바이오,오스코텍,CG인바이츠,티움바이오,차바이오텍,압타머사이언스,박셀바이오,셀리드,헬릭스미스,앱클론,큐라클,지씨셀,에스티큐브,메드팩토,샤페론,,,,,,,,,,,,,,,,,,,,,,,,,,,,,,,,,,,,,,,,,,,,,,,,,,,,,,,,,,,,,,,,,,,,,,,,,,,,,,,,,,,,,,,,,,,,,,,,,,,,,,,,,,,,,,,,,
비료,체시스,농우바이오,효성오앤비,태경비케이,롯데정밀화학,누보,KG케미칼,조비,남해화학,,,,,,,,,,,,,,,,,,,,,,,,,,,,,,,,,,,,,,,,,,,,,,,,,,,,,,,,,,,,,,,,,,,,,,,,,,,,,,,,,,,,,,,,,,,,,,,,,,,,,,,,,,,,,,,,,,,,,,,,,,,,,,,,,,,,,,,,,
바이오인식(생체인식),시큐브,동운아나텍,슈프리마,슈프리마에이치큐,유니온바이오메트릭스,파트론,라온시큐어,시선AI,해성옵틱스,에프에스티,아이티센피엔에스,엑스페릭스,유니퀘스트,파워로직스,드림시큐리티,드림텍,알체라,엠씨넥스,포톤,,,,,,,,,,,,,,,,,,,,,,,,,,,,,,,,,,,,,,,,,,,,,,,,,,,,,,,,,,,,,,,,,,,,,,,,,,,,,,,,,,,,,,,,,,,,,,,,,,,,,,,,,,,,,,,,,,,,,,,,,,,,,,,
SNS(소셜네트워크서비스),이루온,인포뱅크,포니링크,SOOP,유엔젤,NHN벅스,가비아,NAVER,갤럭시아머니트리,카카오,,,,,,,,,,,,,,,,,,,,,,,,,,,,,,,,,,,,,,,,,,,,,,,,,,,,,,,,,,,,,,,,,,,,,,,,,,,,,,,,,,,,,,,,,,,,,,,,,,,,,,,,,,,,,,,,,,,,,,,,,,,,,,,,,,,,,,,,
가상화폐(비트코인 등),감성코퍼레이션,엠게임,네오위즈,비트플래닛,인바이오젠,티사이언티픽,위지트,에이티넘인베스트,SGA솔루션즈,제이씨현시스템,KG모빌리언스,한화투자증권,매커스,SBI인베스트먼트,비트맥스,네오위즈홀딩스,컴투스홀딩스,갤럭시아머니트리,위메이드,우리기술투자,TS인베스트먼트,다날,FSN,카카오,,,,,,,,,,,,,,,,,,,,,,,,,,,,,,,,,,,,,,,,,,,,,,,,,,,,,,,,,,,,,,,,,,,,,,,,,,,,,,,,,,,,,,,,,,,,,,,,,,,,,,,,,,,,,,,,,,,,,,,,,,
핀테크(FinTech),이니텍,SK,한국정보통신,KT,시큐브,성우전자,인포뱅크,이글루,SGA솔루션즈,KG이니시스,KG모빌리언스,브리지텍,라온시큐어,카카오페이,한국전자인증,가비아,아이티센피엔에스,핑거,웹케시,한컴위드,NAVER,헥토파이낸셜,갤럭시아머니트리,코나아이,헥토이노베이션,NHN,KCP,이스트소프트,한국정보인증,아모텍,다날,카카오,아톤,,,,,,,,,,,,,,,,,,,,,,,,,,,,,,,,,,,,,,,,,,,,,,,,,,,,,,,,,,,,,,,,,,,,,,,,,,,,,,,,,,,,,,,,,,,,,,,,,,,,,,,,,,,,,,,,,
음성인식,파인디지털,현대모비스,가온그룹,코콤,현대에이치티,파트론,브리지텍,블루콤,NAVER,셀바스AI,카카오,미디어젠,,,,,,,,,,,,,,,,,,,,,,,,,,,,,,,,,,,,,,,,,,,,,,,,,,,,,,,,,,,,,,,,,,,,,,,,,,,,,,,,,,,,,,,,,,,,,,,,,,,,,,,,,,,,,,,,,,,,,,,,,,,,,,,,,,,,,,
카메라모듈/부품,LK삼양,액트로,퓨런티어,하이비젼시스템,세코닉스,성우전자,동운아나텍,픽셀플러스,코아시아씨엠,LG이노텍,파트론,나무가,해성옵틱스,자화전자,라온피플,파워로직스,캠시스,덕우전자,탑엔지니어링,삼성전기,팸텍,엠씨넥스,옵트론텍,아이윈플러스,포톤,케이이엠텍,재영솔루텍,,,,,,,,,,,,,,,,,,,,,,,,,,,,,,,,,,,,,,,,,,,,,,,,,,,,,,,,,,,,,,,,,,,,,,,,,,,,,,,,,,,,,,,,,,,,,,,,,,,,,,,,,,,,,,,,,,,,,,,
온실가스(탄소배출권)/탄소 포집·활용·저장(CCUS),SJG세종,이건산업,TKG휴켐스,SGC에너지,에이치엠넥스,에코아이,유니드,그린케미칼,에코프로,한솔홈데코,에코프로에이치엔,동방,에코바이오,켐트로스,에어레인,미코,후성,,,,,,,,,,,,,,,,,,,,,,,,,,,,,,,,,,,,,,,,,,,,,,,,,,,,,,,,,,,,,,,,,,,,,,,,,,,,,,,,,,,,,,,,,,,,,,,,,,,,,,,,,,,,,,,,,,,,,,,,,,,,,,,,,
DMZ 평화공원,퍼스텍,대창스틸,코아스,웹스,누리플랜,딜리,자연과환경,시공테크,크라운해태홀딩스,씨아이테크,시그네틱스,유진로봇,삼륭물산,모헨즈,하이드로리튬,모나용평,일신석재,웰크론,,,,,,,,,,,,,,,,,,,,,,,,,,,,,,,,,,,,,,,,,,,,,,,,,,,,,,,,,,,,,,,,,,,,,,,,,,,,,,,,,,,,,,,,,,,,,,,,,,,,,,,,,,,,,,,,,,,,,,,,,,,,,,,,
휴대폰부품,피델릭스,알에프텍,레몬,디에이피,서원인텍,케스피온,모베이스,인탑스,디티씨,세코닉스,KH바텍,모다이노칩,와이솔,이랜텍,제이앤티씨,한국컴퓨터,서울반도체,유아이엘,앤디포스,코아시아씨엠,LG이노텍,우주일렉트로,나무가,서진시스템,파워로직스,세경하이테크,제주반도체,캠시스,한솔테크닉스,이엠텍,인터플렉스,아비코전자,에스코넥,엠씨넥스,옵트론텍,PS일렉트로닉스,아이앤씨,아모텍,파인엠텍,포톤,케이이엠텍,기가레인,상신이디피,재영솔루텍,,,,,,,,,,,,,,,,,,,,,,,,,,,,,,,,,,,,,,,,,,,,,,,,,,,,,,,,,,,,,,,,,,,,,,,,,,,,,,,,,,,,,,,,,,,,,,,,,,,,,,
원격진료/비대면진료(U-Healthcare),스피어,씨어스테크놀로지,블루엠텍,이지케어텍,비트컴퓨터,유비케어,마크로젠,케어랩스,토마토시스템,나노엔텍,인성정보,차바이오텍,제이엘케이,뷰웍스,녹십자홀딩스,알서포트,소프트센,네오펙트,메디포스트,인바디,,,,,,,,,,,,,,,,,,,,,,,,,,,,,,,,,,,,,,,,,,,,,,,,,,,,,,,,,,,,,,,,,,,,,,,,,,,,,,,,,,,,,,,,,,,,,,,,,,,,,,,,,,,,,,,,,,,,,,,,,,,,,,
석유화학,삼양사,금호석유화학,티케이케미칼,대한유화,SK이노베이션,KPX케미칼,태광산업,한화솔루션,그린케미칼,코오롱인더,SK케미칼,롯데케미칼,LG화학,동성케미컬,애경케미칼,SKC,이수화학,,,,,,,,,,,,,,,,,,,,,,,,,,,,,,,,,,,,,,,,,,,,,,,,,,,,,,,,,,,,,,,,,,,,,,,,,,,,,,,,,,,,,,,,,,,,,,,,,,,,,,,,,,,,,,,,,,,,,,,,,,,,,,,,,
PCB(FPCB 등),펨트론,이수페타시스,디에이피,에이엔피,시노펙스,이브이첨단소재,상아프론테크,화인써키트,태성,와이제이링크,현우산업,비에이치,우리바이오,네오티스,타이거일렉,PI첨단소재,이녹스첨단소재,대덕전자,와이엠티,삼성전기,인터플렉스,필옵틱스,성우테크론,심텍,코리아써키트,아모그린텍,자비스,롯데에너지머티리얼즈,티엘비,뉴프렉스,,,,,,,,,,,,,,,,,,,,,,,,,,,,,,,,,,,,,,,,,,,,,,,,,,,,,,,,,,,,,,,,,,,,,,,,,,,,,,,,,,,,,,,,,,,,,,,,,,,,,,,,,,,,,,,,,,,,
LED장비,티에스이,이오테크닉스,티씨케이,프로텍,예스티,네온테크,탑엔지니어링,레이저쎌,주성엔지니어링,미래컴퍼니,기가레인,,,,,,,,,,,,,,,,,,,,,,,,,,,,,,,,,,,,,,,,,,,,,,,,,,,,,,,,,,,,,,,,,,,,,,,,,,,,,,,,,,,,,,,,,,,,,,,,,,,,,,,,,,,,,,,,,,,,,,,,,,,,,,,,,,,,,,,
테마파크,이월드,국보디자인,시공테크,한국종합기술,닷밀,현대건설,,,,,,,,,,,,,,,,,,,,,,,,,,,,,,,,,,,,,,,,,,,,,,,,,,,,,,,,,,,,,,,,,,,,,,,,,,,,,,,,,,,,,,,,,,,,,,,,,,,,,,,,,,,,,,,,,,,,,,,,,,,,,,,,,,,,,,,,,,,,
NFT(대체불가토큰),삼성전자,에이스토리,엠게임,갤럭시아에스엠,카카오게임즈,미투온,핑거,빌리언스,초록뱀미디어,서울옥션,NAVER,컴투스홀딩스,갤럭시아머니트리,위메이드,컴퍼니케이,폴라리스오피스,다날,FSN,카카오,아톤,,,,,,,,,,,,,,,,,,,,,,,,,,,,,,,,,,,,,,,,,,,,,,,,,,,,,,,,,,,,,,,,,,,,,,,,,,,,,,,,,,,,,,,,,,,,,,,,,,,,,,,,,,,,,,,,,,,,,,,,,,,,,,
전자결제(전자화폐),인포바인,한국정보통신,인포뱅크,KG이니시스,KG모빌리언스,카카오페이,NHN,카페24,헥토파이낸셜,갤럭시아머니트리,NHN,KCP,쿠콘,다날,,,,,,,,,,,,,,,,,,,,,,,,,,,,,,,,,,,,,,,,,,,,,,,,,,,,,,,,,,,,,,,,,,,,,,,,,,,,,,,,,,,,,,,,,,,,,,,,,,,,,,,,,,,,,,,,,,,,,,,,,,,,,,,,,,,,
창투사,플랜티넷,HB인베스트먼트,큐캐피탈,린드먼아시아,스톤브릿지벤처스,에이티넘인베스트,캡스톤파트너스,플루토스,대성창투,아주IB투자,SBI인베스트먼트,스틱인베스트먼트,SV인베스트먼트,나우IB,LB인베스트먼트,컴퍼니케이,우리기술투자,미래에셋벤처투자,TS인베스트먼트,DSC인베스트먼트,,,,,,,,,,,,,,,,,,,,,,,,,,,,,,,,,,,,,,,,,,,,,,,,,,,,,,,,,,,,,,,,,,,,,,,,,,,,,,,,,,,,,,,,,,,,,,,,,,,,,,,,,,,,,,,,,,,,,,,,,,,,,,
폐배터리,현대차,영화테크,킵스파마,SK이노베이션,POSCO홀딩스,인선이엔티,아이에스동서,에코프로,NPC,이지트로닉스,파워로직스,DS단석,성일하이텍,LG에너지솔루션,하나기술,코스모화학,나인테크,원익피앤이,새빗켐,웰크론한텍,,,,,,,,,,,,,,,,,,,,,,,,,,,,,,,,,,,,,,,,,,,,,,,,,,,,,,,,,,,,,,,,,,,,,,,,,,,,,,,,,,,,,,,,,,,,,,,,,,,,,,,,,,,,,,,,,,,,,,,,,,,,,,
건설 대표주,삼성물산,DL이앤씨,GS건설,대우건설,HDC현대산업개발,현대건설,,,,,,,,,,,,,,,,,,,,,,,,,,,,,,,,,,,,,,,,,,,,,,,,,,,,,,,,,,,,,,,,,,,,,,,,,,,,,,,,,,,,,,,,,,,,,,,,,,,,,,,,,,,,,,,,,,,,,,,,,,,,,,,,,,,,,,,,,,,,
핵융합에너지,모비스,고려제강,에스에프에이,다원시스,삼화콘덴서,비츠로테크,일진파워,두산에너빌리티,,,,,,,,,,,,,,,,,,,,,,,,,,,,,,,,,,,,,,,,,,,,,,,,,,,,,,,,,,,,,,,,,,,,,,,,,,,,,,,,,,,,,,,,,,,,,,,,,,,,,,,,,,,,,,,,,,,,,,,,,,,,,,,,,,,,,,,,,,
日 수출 규제(국산화 등),일지테크,케이피엠테크,송원산업,아진산업,경인양행,한화솔루션,우리로,에스앤에스텍,풍원정밀,PI첨단소재,이녹스첨단소재,켐트로스,율촌화학,램테크놀러지,삼륭물산,동진쎄미켐,디이엔티,솔브레인,후성,,,,,,,,,,,,,,,,,,,,,,,,,,,,,,,,,,,,,,,,,,,,,,,,,,,,,,,,,,,,,,,,,,,,,,,,,,,,,,,,,,,,,,,,,,,,,,,,,,,,,,,,,,,,,,,,,,,,,,,,,,,,,,,
탄소나노튜브(CNT),금호석유화학,오픈베이스,LG화학,상보,제이오,,,,,,,,,,,,,,,,,,,,,,,,,,,,,,,,,,,,,,,,,,,,,,,,,,,,,,,,,,,,,,,,,,,,,,,,,,,,,,,,,,,,,,,,,,,,,,,,,,,,,,,,,,,,,,,,,,,,,,,,,,,,,,,,,,,,,,,,,,,,,
2차전지(장비),펨트론,대성하이텍,엠플러스,우신시스템,디에스케이,한울반도체,아이비젼웍스,케이지에이,에스에프에이,이노메트리,톱텍,씨아이에스,디아이티,티이엠씨씨엔에스,코윈테크,원준,필에너지,엔시스,지아이텍,씨케이솔루션,아바코,케이엔에스,탑엔지니어링,에이치와이티씨,피엔티,파인텍,강원에너지,엠오티,필옵틱스,피엔티엠에스,쎄크,코세스,한빛레이저,에이프로,대보마그네틱,HB테크놀러지,티에스아이,자비스,하나기술,소프트센,디이엔티,민테크,윤성에프앤씨,브이원텍,나인테크,원익피앤이,웰크론한텍,유일에너테크,,,,,,,,,,,,,,,,,,,,,,,,,,,,,,,,,,,,,,,,,,,,,,,,,,,,,,,,,,,,,,,,,,,,,,,,,,,,,,,,,,,,,,,,,,,,,,,,,,
MLCC(적층세라믹콘덴서),한울반도체,네온테크,원준,아바텍,삼화콘덴서,삼성전기,대주전자재료,코칩,코스모신소재,아모텍,,,,,,,,,,,,,,,,,,,,,,,,,,,,,,,,,,,,,,,,,,,,,,,,,,,,,,,,,,,,,,,,,,,,,,,,,,,,,,,,,,,,,,,,,,,,,,,,,,,,,,,,,,,,,,,,,,,,,,,,,,,,,,,,,,,,,,,,
유리 기판,기가비스,하스,켐트로닉스,제이앤티씨,이노메트리,태성,씨앤지하이테크,피아이이,삼성전기,필옵틱스,와이씨켐,램테크놀러지,한빛레이저,HB테크놀러지,에프엔에스테크,아이씨디,나인테크,SKC,미래컴퍼니,,,,,,,,,,,,,,,,,,,,,,,,,,,,,,,,,,,,,,,,,,,,,,,,,,,,,,,,,,,,,,,,,,,,,,,,,,,,,,,,,,,,,,,,,,,,,,,,,,,,,,,,,,,,,,,,,,,,,,,,,,,,,,,
지역화폐,유라클,웹케시,갤럭시아머니트리,코나아이,쿠콘,,,,,,,,,,,,,,,,,,,,,,,,,,,,,,,,,,,,,,,,,,,,,,,,,,,,,,,,,,,,,,,,,,,,,,,,,,,,,,,,,,,,,,,,,,,,,,,,,,,,,,,,,,,,,,,,,,,,,,,,,,,,,,,,,,,,,,,,,,,,,
제대혈,강스템바이오텍,녹십자,차바이오텍,지씨셀,메디포스트,,,,,,,,,,,,,,,,,,,,,,,,,,,,,,,,,,,,,,,,,,,,,,,,,,,,,,,,,,,,,,,,,,,,,,,,,,,,,,,,,,,,,,,,,,,,,,,,,,,,,,,,,,,,,,,,,,,,,,,,,,,,,,,,,,,,,,,,,,,,,
2차전지(LFP/리튬인산철),브이티,SK이노베이션,씨아이에스,팬스타엔터프라이즈,코윈테크,탑머티리얼,파워넷,EG,아모그린텍,LG에너지솔루션,소프트센,엘앤에프,,,,,,,,,,,,,,,,,,,,,,,,,,,,,,,,,,,,,,,,,,,,,,,,,,,,,,,,,,,,,,,,,,,,,,,,,,,,,,,,,,,,,,,,,,,,,,,,,,,,,,,,,,,,,,,,,,,,,,,,,,,,,,,,,,,,,,
두나무(Dunamu),네오위즈,에이티넘인베스트,코오롱인더,대성창투,한화투자증권,신성이엔지,코오롱,우리기술투자,TS인베스트먼트,카카오,DSC인베스트먼트,,,,,,,,,,,,,,,,,,,,,,,,,,,,,,,,,,,,,,,,,,,,,,,,,,,,,,,,,,,,,,,,,,,,,,,,,,,,,,,,,,,,,,,,,,,,,,,,,,,,,,,,,,,,,,,,,,,,,,,,,,,,,,,,,,,,,,,
2차전지(나트륨이온),삼성SDI,디아이씨,에코프로,메가터치,에코프로비엠,LG에너지솔루션,애경케미칼,나인테크,더블유씨피,,,,,,,,,,,,,,,,,,,,,,,,,,,,,,,,,,,,,,,,,,,,,,,,,,,,,,,,,,,,,,,,,,,,,,,,,,,,,,,,,,,,,,,,,,,,,,,,,,,,,,,,,,,,,,,,,,,,,,,,,,,,,,,,,,,,,,,,,
2차전지,성우하이텍,펨트론,삼성SDI,대성하이텍,한솔케미칼,엠플러스,레몬,우신시스템,디에스케이,영화테크,세방전지,코이즈,한울반도체,아이비젼웍스,서원인텍,케이지에이,글로벌에스엠,조광페인트,대한유화,에스에프에이,SK이노베이션,동국알앤에스,솔루스첨단소재,황금에스티,이랜텍,상아프론테크,POSCO홀딩스,이노메트리,톱텍,DI동일,씨아이에스,에코프로머티,나라엠앤디,에이에프더블류,에코프로,알루코,디아이티,티이엠씨씨엔에스,유에스티,조일알미늄,코윈테크,아이티엠반도체,탑머티리얼,원준,신성델타테크,필에너지,엔시스,이녹스,고려아연,지아이텍,테이팩스,삼기에너지솔루션즈,파워로직스,PI첨단소재,이닉스,동원시스템즈,LG화학,파워넷,씨케이솔루션,피아이이,아바코,케이엔에스,에이아이코리아,탑엔지니어링,KG케미칼,인텍플러스,제이스텍,에이치와이티씨,케이엔솔,켐트로스,피엔티,율촌화학,삼진엘앤디,알멕,파인텍,엠케이전자,광무,강원에너지,엠오티,쎄노텍,필옵틱스,메가터치,동화기업,에코프로비엠,에스코넥,대주전자재료,나노신소재,피엔티엠에스,쎄크,코칩,코세스,한빛레이저,삼아알미늄,에이프로,피노,대보마그네틱,HB테크놀러지,에코앤드림,성일하이텍,티에스아이,코스모신소재,세아메카닉스,LG에너지솔루션,자비스,하나기술,TCC스틸,소프트센,코스모화학,SK아이이테크놀로지,성우,솔브레인홀딩스,디이엔티,유진테크놀로지,애경케미칼,이수스페셜티케미컬,민테크,솔브레인,윤성에프앤씨,미코,제이오,포스코퓨처엠,한농화성,에스켐,롯데에너지머티리얼즈,브이원텍,나인테크,신흥에스이씨,케이이엠텍,SKC,원익피앤이,나노팀,미래컴퍼니,엔켐,신성에스티,대진첨단소재,더블유씨피,새빗켐,덕산테코피아,상신이디피,웰크론한텍,천보,후성,유일에너테크,엘앤에프,,
AI 챗봇(챗GPT 등),이수페타시스,글로벌텍스프리,영림원소프트랩,인포뱅크,브레인즈컴퍼니,모델솔루션,인스웨이브,엑셈,브리지텍,유엔젤,모코엠시스,에스피소프트,SKAI,마음AI,데이타솔루션,NAVER,사이냅소프트,한글과컴퓨터,폴라리스AI,셀바스AI,바이브컴퍼니,이스트소프트,폴라리스오피스,와이즈넛,코난테크놀로지,카카오,솔트룩스,삼성에스디에스,플리토,미디어젠,,,,,,,,,,,,,,,,,,,,,,,,,,,,,,,,,,,,,,,,,,,,,,,,,,,,,,,,,,,,,,,,,,,,,,,,,,,,,,,,,,,,,,,,,,,,,,,,,,,,,,,,,,,,,,,,,,,,
스테이블코인,사토시홀딩스,라온시큐어,카카오페이,아이티센피엔에스,미투온,형지글로벌,핑거,드림시큐리티,한컴위드,아이티센글로벌,NAVER,헥토파이낸셜,뱅크웨어글로벌,위메이드,쿠콘,더즌,NHN,KCP,한국정보인증,다날,LG씨엔에스,아톤,넥써쓰,,,,,,,,,,,,,,,,,,,,,,,,,,,,,,,,,,,,,,,,,,,,,,,,,,,,,,,,,,,,,,,,,,,,,,,,,,,,,,,,,,,,,,,,,,,,,,,,,,,,,,,,,,,,,,,,,,,,,,,,,,,
2차전지(소재/부품),성우하이텍,한솔케미칼,영화테크,코이즈,서원인텍,글로벌에스엠,조광페인트,대한유화,동국알앤에스,솔루스첨단소재,황금에스티,상아프론테크,이랜텍,DI동일,에코프로머티,에코프로,나라엠앤디,POSCO홀딩스,에이에프더블류,알루코,유에스티,조일알미늄,아이티엠반도체,이녹스,테이팩스,삼기에너지솔루션즈,신성델타테크,파워로직스,PI첨단소재,이닉스,동원시스템즈,고려아연,LG화학,KG케미칼,삼진엘앤디,켐트로스,알멕,율촌화학,엠케이전자,광무,강원에너지,쎄노텍,동화기업,메가터치,에코프로비엠,에스코넥,나노신소재,대주전자재료,삼아알미늄,에코앤드림,코스모신소재,피노,코스모화학,성우,SK아이이테크놀로지,TCC스틸,솔브레인홀딩스,유진테크놀로지,애경케미칼,솔브레인,포스코퓨처엠,한농화성,에스켐,롯데에너지머티리얼즈,신흥에스이씨,케이이엠텍,나노팀,SKC,엔켐,신성에스티,대진첨단소재,더블유씨피,덕산테코피아,상신이디피,천보,후성,엘앤에프,,,,,,,,,,,,,,,,,,,,,,,,,,,,,,,,,,,,,,,,,,,,,,,,,,,,,,,,,,,,,,,,,,,,,
2차전지(전고체),삼성SDI,레몬,SK이노베이션,이브이첨단소재,아이엘,씨아이에스,코윈테크,원준,테이팩스,석경에이티,아바코,삼성전기,엠오티,동화기업,대주전자재료,티에스아이,LG에너지솔루션,하나기술,SK아이이테크놀로지,이수스페셜티케미컬,민테크,미코,한농화성,롯데에너지머티리얼즈,나인테크,미래컴퍼니,레이크머티리얼즈,덕산테코피아,천보,유일에너테크,,,,,,,,,,,,,,,,,,,,,,,,,,,,,,,,,,,,,,,,,,,,,,,,,,,,,,,,,,,,,,,,,,,,,,,,,,,,,,,,,,,,,,,,,,,,,,,,,,,,,,,,,,,,,,,,,,,,
퓨리오사AI,팬스타엔터프라이즈,토마토시스템,엑스페릭스,아이티센글로벌,나우IB,LB인베스트먼트,와이즈넛,TS인베스트먼트,DSC인베스트먼트,포바이포,,,,,,,,,,,,,,,,,,,,,,,,,,,,,,,,,,,,,,,,,,,,,,,,,,,,,,,,,,,,,,,,,,,,,,,,,,,,,,,,,,,,,,,,,,,,,,,,,,,,,,,,,,,,,,,,,,,,,,,,,,,,,,,,,,,,,,,,
인터넷 대표주,NAVER,카카오,,,,,,,,,,,,,,,,,,,,,,,,,,,,,,,,,,,,,,,,,,,,,,,,,,,,,,,,,,,,,,,,,,,,,,,,,,,,,,,,,,,,,,,,,,,,,,,,,,,,,,,,,,,,,,,,,,,,,,,,,,,,,,,,,,,,,,,,,,,,,,,,
남북경협,양지사,스페코,세운메디칼,희림,도화엔지니어링,인지컨트롤스,한국석유,남화토건,경농,롯데정밀화학,녹십자,자화전자,남광토건,형지엘리트,조비,남해화학,다스코,한국전력,현대엘리베이터,현대건설,일신석재,신원,아난티,좋은사람들,인디에프,제이에스티나,코데즈컴바인,지엔씨에너지,재영솔루텍,,,,,,,,,,,,,,,,,,,,,,,,,,,,,,,,,,,,,,,,,,,,,,,,,,,,,,,,,,,,,,,,,,,,,,,,,,,,,,,,,,,,,,,,,,,,,,,,,,,,,,,,,,,,,,,,,,,,,
리튬,세방전지,에코프로,POSCO홀딩스,LG화학,광무,강원에너지,포스코엠텍,대보마그네틱,성일하이텍,하이드로리튬,LG에너지솔루션,리튬포어스,코스모화학,미래산업,포스코퓨처엠,중앙첨단소재,엔켐,앱튼,새빗켐,미래나노텍,천보,후성,유일에너테크,,,,,,,,,,,,,,,,,,,,,,,,,,,,,,,,,,,,,,,,,,,,,,,,,,,,,,,,,,,,,,,,,,,,,,,,,,,,,,,,,,,,,,,,,,,,,,,,,,,,,,,,,,,,,,,,,,,,,,,,,,,
